Year ,Jan,Fév,Mar,Avr,Mai,Jun,Jui,Aoû,Sep,Oct,Nov,Déc,Total
2022,519,328,282,233,81,21,0,0,0,0,0,0,1 463
2021,493,295,332,265,176,33,37,54,60,219,401,445,2 809
2020,422,305,314,155,122,68,32,27,80,205,294,410,2 434
2019,490,335,287,223,180,51,23,38,84,139,334,372,2 556
2018,324,449,324,138,92,35,16,22,63,184,302,389,2 337
2017,584,294,238,231,113,26,17,26,104,158,360,441,2 592
2016,363,338,350,211,137,44,31,33,47,230,312,497,2 594
2015,443,424,309,183,112,33,15,20,105,231,283,296,2 454
2014,361,307,277,173,134,43,34,47,68,116,241,431,2 230
2013,486,486,351,224,187,72,17,40,71,119,374,433,2 859
2012,445,574,261,215,108,37,41,27,88,161,293,413,2 662
2011,463,367,294,146,82,57,60,38,58,177,282,390,2 414
2010,559,408,358,198,158,54,22,41,118,214,316,515,2 960
2009,541,434,347,171,81,54,27,27,79,210,236,430,2 634
2022,430,323,298,240,120,41,0,0,0,0,0,0,1 452
2021,460,359,336,318,205,60,42,59,71,215,361,366,2 852
2020,387,311,333,177,152,76,55,35,80,195,280,388,2 469
2019,460,323,295,239,197,67,55,49,97,179,336,386,2 682
2018,362,473,381,180,119,63,20,44,105,195,323,379,2 644
2017,529,332,270,275,127,51,44,48,121,164,339,415,2 714
2016,415,363,374,279,147,75,47,50,62,234,345,452,2 842
2015,444,411,341,227,172,91,47,40,134,230,250,285,2 672
2014,373,323,299,194,157,79,41,75,73,139,275,422,2 450
2013,498,454,450,277,219,96,33,52,106,160,346,396,3 088
2012,398,498,277,291,153,95,65,47,125,207,338,394,2 887
2011,436,356,314,157,141,81,83,60,77,189,294,361,2 548
2010,562,424,349,254,215,79,36,70,117,232,358,599,3 295
2009,559,408,352,186,147,97,48,48,90,213,260,474,2 881
2022,483,327,297,234,103,22,0,0,0,0,0,0,1 464
2021,453,287,346,283,184,44,36,55,61,198,363,407,2 716
2020,381,275,313,164,129,65,41,29,93,195,260,372,2 317
2019,472,326,294,239,182,65,28,41,90,129,299,332,2 495
2018,317,455,307,163,117,49,25,31,78,178,285,362,2 365
2017,534,294,254,267,125,30,20,38,103,159,349,404,2 577
2016,369,347,369,242,156,53,39,43,60,241,305,466,2 691
2015,422,415,308,207,127,46,27,32,121,241,260,320,2 525
2014,344,302,301,209,156,55,35,47,80,113,235,420,2 294
2013,469,455,366,243,208,83,27,47,82,134,365,410,2 887
2012,414,561,297,258,130,52,51,36,97,157,296,387,2 736
2011,459,362,317,174,111,71,67,44,70,168,245,350,2 437
2010,537,401,354,230,193,76,28,46,125,224,314,528,3 053
2009,526,412,358,200,107,71,34,38,93,214,249,422,2 723
2022,384,275,295,202,67,8,0,0,0,0,0,0,1 230
2021,424,286,285,228,136,25,12,15,38,151,280,391,2 270
2020,376,281,270,167,72,48,10,11,52,179,240,400,2 105
2019,415,289,249,205,130,35,6,8,39,93,302,335,2 105
2018,317,384,314,148,83,21,8,10,31,112,257,351,2 035
2017,443,273,222,174,106,22,10,10,83,105,291,435,2 173
2016,387,311,290,167,114,39,9,13,41,157,268,368,2 164
2015,384,362,254,165,74,26,3,15,60,161,235,341,2 078
2014,373,323,260,149,108,37,20,23,41,101,220,355,2 009
2013,402,408,316,196,151,46,12,19,48,95,304,368,2 364
2012,366,437,224,211,101,30,15,10,48,138,258,421,2 258
2011,403,315,284,134,76,41,30,19,33,134,231,360,2 060
2010,511,398,316,194,136,42,5,18,67,173,304,464,2 627
2009,460,343,280,173,65,34,12,8,45,139,256,409,2 223
2022,462,355,306,232,95,21,0,0,0,0,0,0,1 471
2021,532,324,336,274,210,47,40,54,67,206,330,487,2 907
2020,421,347,320,166,105,85,31,33,88,251,281,480,2 609
2019,540,334,303,245,190,42,22,21,70,156,347,405,2 675
2018,419,465,403,169,115,52,19,32,49,146,305,448,2 621
2017,497,329,270,229,148,43,36,30,142,165,384,545,2 817
2016,470,378,367,221,173,75,33,38,72,241,358,397,2 821
2015,484,417,303,204,129,50,14,39,113,220,289,387,2 650
2014,451,402,295,200,167,60,57,63,74,154,280,461,2 663
2013,511,484,385,224,216,90,25,42,96,159,376,422,3 030
2012,473,523,240,263,144,55,30,24,83,186,300,514,2 836
2011,480,357,307,158,106,73,72,38,63,199,265,466,2 583
2010,586,480,394,236,193,77,27,54,121,225,386,576,3 354
2009,507,450,366,217,98,79,45,22,76,224,318,531,2 932
2022,285,217,222,144,37,2,0,0,0,0,0,0,907
2021,310,197,215,161,67,8,3,2,10,75,153,260,1 460
2020,246,196,204,127,37,19,0,1,18,96,135,274,1 353
2019,319,234,182,149,94,13,0,0,11,41,169,195,1 410
2018,197,294,240,108,47,6,1,1,10,47,137,222,1 308
2017,315,191,173,131,66,6,2,3,36,62,187,298,1 469
2016,262,222,222,108,69,14,3,2,14,71,153,242,1 380
2015,283,260,198,130,46,7,0,4,24,85,155,207,1 398
2014,246,226,198,109,67,14,5,5,12,42,110,231,1 265
2013,311,310,237,127,83,31,2,3,18,43,187,248,1 599
2012,284,335,188,122,73,9,2,1,20,68,149,275,1 525
2011,298,261,220,116,49,15,6,6,10,81,128,239,1 427
2010,349,285,229,141,82,15,1,6,35,96,207,328,1 775
2009,305,272,225,116,47,11,3,1,16,79,145,287,1 506
2022,259,197,194,117,18,0,0,0,0,0,0,0,785
2021,287,188,189,140,52,1,0,0,0,43,129,236,1 265
2020,219,170,185,94,21,7,0,0,8,71,102,255,1 132
2019,282,205,164,127,71,3,0,0,2,18,143,173,1 185
2018,202,271,228,92,31,1,0,0,1,24,118,202,1 170
2017,274,181,154,103,41,0,0,0,11,32,149,269,1 215
2016,243,210,194,85,42,5,0,0,2,44,136,209,1 170
2015,244,237,176,112,26,1,0,0,5,55,124,183,1 163
2014,240,218,169,87,45,4,0,0,1,21,88,206,1 080
2013,284,282,230,122,68,14,0,0,3,26,149,221,1 399
2012,249,304,156,112,54,3,0,0,5,44,122,257,1 305
2011,279,236,196,84,18,6,1,0,1,45,102,203,1 171
2010,323,260,216,116,61,4,0,1,9,67,176,300,1 532
2009,282,242,198,98,20,3,0,0,2,46,124,269,1 284
2022,384,272,282,176,48,6,0,0,0,0,0,0,1 168
2021,407,271,271,208,127,20,13,15,31,152,282,377,2 173
2020,344,269,246,143,64,31,4,8,41,165,225,390,1 929
2019,403,280,226,189,109,35,2,4,29,90,288,316,1 971
2018,304,395,302,146,72,13,2,8,31,109,249,340,1 970
2017,442,254,203,158,103,18,8,9,69,99,283,404,2 048
2016,363,302,297,177,111,29,9,15,28,156,267,340,2 093
2015,367,361,232,154,62,15,1,13,55,171,210,280,1 921
2014,344,313,235,132,97,21,19,24,33,78,208,341,1 845
2013,399,407,310,206,155,40,7,15,41,93,303,347,2 322
2012,353,430,199,193,89,30,12,7,41,131,255,390,2 129
2011,406,299,262,111,63,34,21,18,29,127,208,335,1 912
2010,483,377,315,163,125,34,2,15,66,175,292,445,2 490
2009,459,328,256,152,63,25,10,5,38,135,246,399,2 115
2022,458,353,350,278,147,54,0,0,0,0,0,0,1 640
2021,495,369,372,350,237,66,54,64,101,247,379,405,3 140
2020,412,326,350,223,191,102,80,46,112,212,318,408,2 778
2019,485,370,324,258,216,73,66,69,122,195,365,398,2 941
2018,379,491,401,200,128,64,36,59,141,230,356,411,2 895
2017,567,348,302,319,153,73,56,69,144,457,380,433,3 299
2016,446,381,398,285,158,68,49,66,95,260,360,503,3 069
2015,483,436,374,267,193,91,61,59,153,252,271,327,2 965
2014,394,352,343,223,177,93,50,93,116,175,294,449,2 759
2013,501,482,462,298,217,110,40,82,129,181,368,437,3 306
2012,431,532,317,295,149,101,79,58,164,243,360,423,3 153
2011,448,391,341,195,166,84,95,74,104,234,328,396,2 856
2010,581,443,377,281,229,96,56,81,153,257,362,602,3 517
2009,580,434,385,210,165,113,56,73,130,269,286,490,3 190
2022,400,272,265,225,80,15,0,0,0,0,0,0,1 256
2021,417,236,279,239,153,44,39,39,45,165,326,304,2 287
2020,356,246,271,146,90,64,24,25,70,189,228,369,2 077
2019,435,268,268,215,174,70,19,31,67,117,301,292,2 256
2018,316,386,314,174,136,45,15,21,45,170,268,288,2 177
2017,472,271,237,214,107,37,24,32,94,134,317,401,2 338
2016,312,311,316,206,136,64,29,32,55,143,270,359,2 233
2015,393,386,275,175,114,34,20,29,95,161,235,288,2 204
2014,334,298,278,162,157,46,34,36,59,105,219,384,2 111
2013,403,379,286,240,208,86,16,27,66,115,317,367,2 508
2012,395,495,269,242,113,50,51,21,78,149,281,349,2 493
2011,418,305,278,146,93,82,53,32,50,156,220,334,2 166
2010,452,377,322,198,181,75,20,35,91,182,310,428,2 671
2009,423,344,309,236,99,48,33,23,67,143,231,383,2 339
2022,461,314,303,240,108,30,0,0,0,0,0,0,1 456
2021,441,328,340,296,183,42,35,48,75,209,372,377,2 744
2020,386,285,305,173,136,73,46,27,81,180,282,376,2 349
2019,473,334,294,234,181,55,39,38,90,151,322,363,2 575
2018,330,461,347,172,113,44,20,31,95,189,316,372,2 489
2017,545,317,269,282,126,46,27,42,119,176,351,403,2 704
2016,410,358,381,257,148,54,36,42,70,233,338,463,2 788
2015,444,413,349,226,148,69,34,33,110,226,251,301,2 605
2014,367,330,317,203,149,67,34,59,87,137,263,410,2 422
2013,471,452,405,258,199,87,24,55,93,144,352,409,2 947
2012,403,525,283,266,133,74,48,41,122,201,342,384,2 822
2011,453,364,306,173,135,66,69,47,80,190,275,365,2 523
2010,552,411,351,251,196,78,37,54,123,241,341,567,3 203
2009,537,417,360,191,121,86,33,37,88,227,253,457,2 807
2022,394,233,214,168,43,5,0,0,0,0,0,0,1 057
2021,376,197,229,178,106,13,12,14,19,105,266,297,1 812
2020,303,207,229,114,48,29,6,9,43,137,181,317,1 623
2019,394,248,221,167,116,35,3,9,29,68,254,250,1 794
2018,263,353,262,130,82,17,3,6,19,98,206,274,1 711
2017,415,229,199,153,67,18,6,9,57,76,258,365,1 851
2016,294,264,269,158,97,28,7,8,25,101,195,302,1 748
2015,359,341,218,132,65,10,5,12,48,117,175,230,1 711
2014,284,269,241,126,100,19,13,17,27,58,153,336,1 642
2013,386,349,258,200,141,51,5,10,27,69,282,342,2 118
2012,332,450,217,175,79,19,12,6,38,97,210,315,1 951
2011,385,290,238,100,57,40,19,14,23,91,149,297,1 703
2010,429,341,302,152,125,33,5,12,48,140,256,391,2 233
2009,386,312,246,187,56,20,11,7,36,104,179,356,1 901
2022,452,330,327,250,86,16,0,0,0,0,0,0,1 462
2021,503,307,326,270,200,46,40,42,54,190,355,377,2 710
2020,400,311,322,184,103,84,21,26,81,235,247,431,2 444
2019,522,303,308,274,201,67,16,22,70,144,359,355,2 639
2018,386,476,374,203,154,47,14,23,45,174,284,375,2 555
2017,520,316,274,234,134,41,26,30,130,147,361,479,2 691
2016,409,372,377,263,184,75,34,30,64,191,320,363,2 682
2015,454,440,317,210,126,38,15,34,118,215,271,308,2 545
2014,404,364,316,202,186,50,50,59,64,112,250,442,2 498
2013,513,464,367,275,252,96,19,37,84,145,377,393,3 020
2012,441,549,266,297,143,60,53,24,88,181,302,435,2 838
2011,470,362,331,156,102,88,65,33,48,166,241,391,2 452
2010,545,445,396,211,207,84,19,40,107,229,371,496,3 151
2009,492,416,335,263,105,61,34,20,70,181,286,466,2 728
2022,374,249,232,163,46,4,0,0,0,0,0,0,1 067
2021,380,218,247,189,95,10,4,11,17,106,231,333,1 840
2020,289,236,223,133,45,26,6,6,36,137,165,331,1 633
2019,406,257,218,157,105,23,2,4,24,60,243,253,1 750
2018,252,366,249,107,63,11,2,5,20,81,168,307,1 630
2017,401,217,193,162,79,11,4,6,63,89,262,382,1 871
2016,313,273,260,133,88,19,8,8,23,115,217,290,1 748
2015,343,327,226,139,64,12,2,9,47,123,208,226,1 728
2014,294,261,227,120,83,19,11,15,23,60,147,316,1 575
2013,387,371,257,166,123,40,4,10,38,59,261,306,2 022
2012,327,439,203,164,78,16,8,5,31,96,182,354,1 904
2011,355,281,242,110,49,27,17,13,26,93,146,304,1 663
2010,432,335,280,162,106,29,3,14,59,137,265,395,2 216
2009,396,315,267,134,48,22,7,5,29,119,193,356,1 890
2022,316,218,215,155,43,2,0,0,0,0,0,0,950
2021,336,194,222,179,91,11,2,8,13,85,195,282,1 617
2020,250,202,207,127,45,22,3,3,31,113,138,299,1 440
2019,352,226,189,148,98,21,1,2,15,48,212,211,1 523
2018,220,338,234,100,67,14,1,4,14,68,151,253,1 464
2017,346,205,170,144,72,10,3,4,53,66,218,342,1 633
2016,275,241,236,123,76,15,4,6,20,92,186,240,1 513
2015,294,304,207,135,55,10,1,6,32,102,165,200,1 509
2014,0,0,0,0,0,0,0,0,0,0,124,270,394
2013,0,0,0,0,0,0,0,0,0,0,0,0,0
2012,0,0,0,0,0,0,0,0,0,0,0,0,0
2011,0,0,0,0,0,0,0,0,0,0,0,0,0
2010,0,0,0,0,0,0,0,0,0,0,0,0,0
2009,0,0,0,0,0,0,0,0,0,0,0,0,0
2022,380,293,273,246,134,42,0,0,0,0,0,0,1 368
2021,400,324,323,321,200,71,43,54,64,164,292,324,2 579
2020,345,281,314,184,165,87,57,32,73,180,244,343,2 305
2019,398,296,276,252,194,85,49,49,77,159,303,340,2 476
2018,321,409,340,201,157,72,30,46,99,171,291,314,2 450
2017,449,301,247,262,135,64,44,51,99,135,283,351,2 421
2016,361,336,359,278,157,79,51,47,50,219,297,383,2 616
2015,382,373,317,224,160,95,54,51,119,190,203,235,2 401
2014,332,296,289,214,168,89,36,68,71,131,241,350,2 285
2013,410,399,406,282,219,113,47,53,81,141,298,343,2 793
2012,352,434,301,285,171,94,71,43,110,173,297,336,2 668
2011,395,285,309,177,155,101,81,57,73,153,236,315,2 336
2010,491,374,332,257,219,100,39,55,104,193,329,510,3 002
2009,469,366,327,224,163,97,52,50,84,165,227,419,2 643
2022,471,354,312,278,124,33,0,0,0,0,0,0,1 571
2021,522,295,354,300,227,69,64,78,83,227,382,394,2 995
2020,397,337,337,176,143,118,56,46,119,250,260,428,2 666
2019,540,320,332,277,224,80,38,53,96,164,363,369,2 856
2018,372,494,373,199,162,60,34,44,80,187,287,377,2 669
2017,533,324,290,272,148,54,40,53,159,192,385,493,2 943
2016,414,386,394,280,191,96,55,58,93,235,329,395,2 926
2015,465,456,330,217,163,63,36,56,152,236,301,321,2 797
2014,403,370,334,223,200,75,65,91,89,142,244,454,2 688
2013,526,480,376,287,270,124,33,68,115,166,392,416,3 252
2012,463,590,305,305,154,77,82,47,116,186,317,444,3 086
2011,472,372,335,182,130,112,100,62,80,205,239,402,2 689
2010,556,446,394,238,228,107,40,76,143,242,379,514,3 362
2009,501,433,378,263,120,89,58,47,112,221,292,474,2 987
2022,387,257,212,169,52,9,0,0,0,0,0,0,1 088
2021,382,228,256,186,134,24,19,25,36,139,306,312,2 046
2020,295,224,239,105,74,51,18,15,50,137,194,310,1 710
2019,380,248,217,173,118,43,9,21,44,80,261,271,1 864
2018,277,382,272,133,85,18,7,17,40,129,237,282,1 877
2017,423,245,206,177,78,22,13,25,71,97,282,357,1 995
2016,306,283,277,201,98,36,20,20,38,161,247,338,2 026
2015,376,344,258,147,90,27,16,21,72,158,179,245,1 932
2014,289,257,242,146,118,26,16,39,33,80,165,354,1 766
2013,373,353,289,205,164,54,6,25,43,94,275,352,2 231
2012,344,469,221,218,89,37,36,15,57,121,240,307,2 153
2011,394,278,230,100,56,47,30,22,37,124,156,276,1 749
2010,466,340,290,153,131,41,14,32,71,160,268,437,2 404
2009,431,318,262,181,75,34,25,19,41,128,191,350,2 053
2022,376,256,212,173,59,10,0,0,0,0,0,0,1 086
2021,375,253,261,203,132,22,12,20,22,120,289,305,2 014
2020,285,220,243,115,82,39,18,11,37,126,186,286,1 646
2019,361,240,227,187,128,39,7,15,35,78,238,270,1 824
2018,263,363,278,151,93,17,4,17,40,121,229,265,1 841
2017,413,257,211,195,84,22,11,20,60,81,246,326,1 926
2016,280,273,279,216,102,32,16,15,27,144,231,322,1 937
2015,335,333,270,155,102,36,13,18,74,151,145,222,1 852
2014,269,240,244,156,116,31,15,30,33,65,154,321,1 674
2013,349,342,301,221,166,66,7,22,40,76,247,322,2 159
2012,322,436,228,222,101,37,23,8,55,110,225,282,2 048
2011,382,268,249,118,71,43,26,19,27,97,147,248,1 696
2010,449,343,298,172,134,39,8,23,69,149,260,440,2 382
2009,415,321,273,192,97,37,18,18,44,113,175,339,2 041
2022,444,298,258,201,73,13,0,0,0,0,0,0,1 287
2021,431,299,311,247,166,28,28,34,46,178,352,380,2 498
2020,344,267,277,136,97,60,22,20,65,182,246,361,2 075
2019,447,289,263,206,147,53,13,24,61,119,288,333,2 243
2018,316,448,311,156,106,25,9,20,60,156,277,352,2 236
2017,511,304,244,226,112,29,25,30,98,148,338,394,2 457
2016,388,345,355,255,150,66,31,31,56,216,308,446,2 646
2015,424,391,297,180,116,40,21,26,104,209,245,326,2 380
2014,337,301,273,176,138,39,27,45,56,112,220,390,2 112
2013,435,424,357,243,185,65,11,32,60,123,335,402,2 672
2012,384,491,246,245,106,51,40,20,88,150,298,363,2 483
2011,432,334,279,144,90,57,43,30,49,149,222,328,2 157
2010,530,390,331,190,167,54,20,36,98,210,319,511,2 855
2009,502,390,313,185,98,54,26,24,69,184,238,410,2 492
2022,427,281,229,187,68,12,0,0,0,0,0,0,1 204
2021,414,222,278,219,137,26,24,33,43,158,302,346,2 202
2020,327,246,253,118,72,52,20,18,70,159,216,340,1 890
2019,435,279,248,186,132,45,13,27,53,89,267,291,2 066
2018,288,397,282,132,93,24,14,19,50,135,244,323,2 002
2017,471,266,225,213,94,20,14,25,84,132,319,401,2 264
2016,332,301,300,206,118,44,33,40,60,184,267,384,2 270
2015,407,379,265,159,103,32,19,28,88,186,229,309,2 203
2014,306,284,260,167,130,43,21,48,59,107,191,384,1 998
2013,427,390,304,218,171,67,21,41,64,110,305,401,2 517
2012,387,509,258,232,99,43,48,30,75,132,261,354,2 427
2011,408,326,265,141,93,60,47,34,55,147,205,318,2 098
2010,475,366,312,189,154,58,18,48,100,196,296,452,2 665
2009,448,343,310,191,80,54,35,30,78,170,217,378,2 333
2022,491,338,294,224,80,23,0,0,0,0,0,0,1 450
2021,469,338,342,267,190,29,34,42,61,209,388,426,2 794
2020,427,299,318,160,113,55,19,19,67,208,321,415,2 422
2019,487,343,291,231,174,48,15,25,68,149,339,375,2 544
2018,349,464,368,165,99,32,10,25,69,179,326,390,2 476
2017,570,335,251,239,133,34,19,26,113,184,363,439,2 705
2016,417,365,362,248,152,47,28,30,50,226,338,518,2 781
2015,458,422,311,204,123,36,15,27,99,231,299,369,2 594
2014,392,346,285,185,137,37,28,55,63,142,286,431,2 386
2013,496,479,403,243,206,73,11,38,77,144,363,466,3 000
2012,431,535,260,252,121,54,38,26,93,195,337,417,2 758
2011,467,400,292,145,105,59,58,36,58,194,306,384,2 505
2010,572,415,361,215,172,53,21,46,122,232,336,550,3 095
2009,580,427,341,180,92,53,29,22,64,227,285,460,2 758
2022,345,274,274,235,137,43,0,0,0,0,0,0,1 307
2021,367,308,294,298,203,87,49,56,61,143,273,315,2 454
2020,320,260,304,180,147,91,64,38,80,182,218,324,2 207
2019,372,262,279,239,187,97,45,45,76,153,286,312,2 353
2018,303,389,337,201,165,78,34,49,85,173,271,283,2 369
2017,399,284,246,257,133,71,47,64,107,130,275,327,2 339
2016,331,322,356,276,160,85,58,45,51,206,279,324,2 491
2015,353,357,311,216,174,99,53,63,129,180,184,210,2 330
2014,319,294,297,216,175,88,41,68,64,110,230,319,2 219
2013,374,374,383,279,222,119,48,47,80,116,268,318,2 628
2012,329,376,291,287,179,97,73,45,113,171,286,316,2 562
2011,366,268,314,167,154,113,86,60,63,137,197,311,2 235
2010,445,353,328,255,208,104,41,60,104,167,295,453,2 812
2009,423,356,324,245,173,93,52,57,89,142,225,378,2 556
2022,456,328,309,251,125,29,0,0,0,0,0,0,1 498
2021,459,297,358,309,205,61,56,77,77,222,376,392,2 889
2020,378,290,325,176,152,101,64,44,112,209,265,387,2 503
2019,488,323,312,260,212,83,43,62,112,134,325,328,2 681
2018,338,474,340,192,158,65,41,47,99,203,299,363,2 619
2017,522,322,271,298,150,49,39,57,132,182,358,421,2 802
2016,374,369,387,274,186,79,62,65,91,267,321,426,2 901
2015,440,426,333,227,157,69,47,50,150,251,272,305,2 727
2014,353,324,325,232,192,78,52,76,111,150,239,425,2 556
2013,472,456,380,280,235,104,41,72,102,156,372,397,3 067
2012,421,576,313,280,148,69,79,48,134,175,310,380,2 932
2011,0,0,0,0,0,0,0,0,0,0,0,125,125
2010,0,0,0,0,0,0,0,0,0,0,0,0,0
2009,0,0,0,0,0,0,0,0,0,0,0,0,0
2022,435,277,240,190,78,17,0,0,0,0,0,0,1 236
2021,393,219,276,217,144,33,32,44,49,166,306,335,2 214
2020,322,253,260,129,78,60,32,20,72,145,220,342,1 933
2019,419,286,248,193,140,55,18,31,65,91,264,298,2 108
2018,281,390,278,144,103,30,17,26,60,152,258,310,2 047
2017,457,261,223,210,91,27,17,32,87,124,318,383,2 231
2016,311,288,286,201,113,45,33,36,56,175,260,374,2 178
2015,398,361,256,169,95,30,20,30,88,176,211,296,2 127
2014,295,282,261,162,131,39,22,48,63,102,178,377,1 960
2013,408,366,284,205,170,63,15,39,58,103,290,397,2 398
2012,363,501,257,220,96,40,51,27,68,132,260,328,2 342
2011,403,301,254,140,76,54,39,28,50,141,181,303,1 968
2010,471,357,299,176,140,51,20,43,94,186,283,445,2 565
2009,441,337,292,194,80,47,32,28,69,152,204,365,2 240
2022,492,337,277,232,82,23,0,0,0,0,0,0,1 442
2021,472,324,341,266,189,29,32,46,63,201,388,421,2 769
2020,406,286,318,154,124,57,26,23,74,210,281,400,2 358
2019,497,322,286,230,183,43,16,27,73,148,328,379,2 534
2018,338,472,364,149,103,36,15,28,66,178,305,394,2 448
2017,582,316,251,245,124,30,22,27,114,188,365,444,2 706
2016,412,363,364,240,152,56,33,35,56,227,345,479,2 761
2015,457,431,319,208,129,39,17,25,106,226,276,325,2 558
2014,379,322,283,186,146,47,38,56,67,133,255,430,2 339
2013,493,486,404,240,202,84,16,40,87,149,377,431,3 008
2012,437,557,255,238,124,52,41,26,98,191,319,413,2 750
2011,462,388,293,149,102,61,64,43,59,197,282,388,2 486
2010,573,418,369,206,179,60,21,54,124,236,344,529,3 113
2009,560,437,363,183,86,60,31,24,71,222,265,444,2 745
2022,399,264,250,164,38,3,0,0,0,0,0,0,1 118
2021,396,252,262,198,110,10,6,9,17,127,278,369,2 034
2020,331,258,236,126,51,22,2,5,32,143,217,349,1 771
2019,394,283,219,177,95,25,2,4,20,72,268,305,1 861
2018,293,382,267,115,60,9,1,3,23,98,223,341,1 815
2017,452,232,188,149,90,11,4,5,59,93,273,384,1 939
2016,325,285,277,157,91,17,8,9,21,136,245,371,1 942
2015,364,351,230,140,55,10,1,6,43,155,209,249,1 811
2014,314,279,227,116,78,14,9,12,22,67,187,337,1 662
2013,405,392,284,193,137,36,2,8,30,63,302,336,2 190
2012,353,444,187,170,74,19,9,5,33,113,231,367,2 006
2011,385,306,237,101,54,25,15,12,24,105,200,335,1 799
2010,473,356,291,147,106,23,2,12,54,150,262,432,2 307
2009,456,323,250,123,45,16,5,3,31,124,220,368,1 965
2022,416,309,275,238,117,35,0,0,0,0,0,0,1 391
2021,437,341,332,306,194,57,36,52,66,188,343,350,2 700
2020,373,287,318,166,145,76,47,32,77,194,265,361,2 341
2019,440,318,284,242,187,69,39,42,82,165,307,364,2 537
2018,342,452,355,182,131,52,15,40,100,182,317,355,2 523
2017,498,312,258,260,126,51,39,47,103,147,314,394,2 546
2016,400,364,370,282,148,70,47,43,50,229,320,431,2 755
2015,432,405,328,221,162,82,47,43,131,223,233,276,2 581
2014,364,314,291,206,174,82,42,74,76,148,258,409,2 439
2013,446,427,425,279,216,97,28,52,96,156,344,400,2 966
2012,379,492,279,295,150,91,66,44,111,193,324,375,2 799
2011,431,326,303,165,136,83,71,55,70,167,268,349,2 424
2010,541,402,338,243,211,75,31,59,107,215,349,567,3 138
2009,522,402,346,198,156,90,47,38,85,193,252,463,2 791
2022,423,307,283,230,106,32,0,0,0,0,0,0,1 380
2021,436,330,329,290,185,46,31,42,60,194,347,355,2 644
2020,367,277,302,158,129,71,40,28,70,191,267,363,2 262
2019,432,318,283,239,179,66,32,37,76,158,307,359,2 486
2018,330,460,338,173,118,43,11,34,90,169,318,356,2 439
2017,504,310,256,254,122,45,32,43,102,141,312,397,2 518
2016,391,356,359,266,153,67,40,36,54,217,317,440,2 696
2015,422,404,321,211,146,70,38,37,121,216,225,286,2 498
2014,351,305,288,202,161,71,37,66,71,145,251,402,2 349
2013,447,423,408,266,199,85,20,46,87,141,338,398,2 858
2012,374,488,261,281,128,80,58,40,112,182,328,370,2 701
2011,428,328,288,169,135,76,68,50,71,169,263,342,2 388
2010,548,401,339,229,193,71,35,56,110,217,346,556,3 099
2009,531,409,337,192,141,89,43,38,81,191,248,456,2 755
2022,328,264,252,217,136,46,0,0,0,0,0,0,1 244
2021,351,293,289,269,209,90,55,64,69,150,268,289,2 394
2020,306,262,296,178,130,95,80,46,97,187,202,309,2 189
2019,350,246,271,229,181,107,49,67,90,163,262,297,2 312
2018,298,370,338,216,163,66,39,63,97,183,253,262,2 349
2017,373,281,243,249,124,76,60,75,121,146,260,309,2 316
2016,296,306,326,261,151,78,52,46,61,194,264,299,2 333
2015,327,340,295,194,172,101,52,68,122,171,177,184,2 203
2014,307,282,285,213,171,78,42,73,55,104,217,305,2 133
2013,332,342,348,274,220,125,44,50,79,114,254,303,2 486
2012,304,351,246,276,159,98,74,41,119,170,278,301,2 416
2011,357,259,288,159,152,115,84,74,67,138,182,286,2 159
2010,427,347,331,239,195,96,47,66,103,167,290,436,2 742
2009,389,340,297,242,169,86,52,59,97,133,208,355,2 427
2022,341,216,230,136,27,1,0,0,0,0,0,0,951
2021,350,219,214,165,79,6,3,2,11,90,224,317,1 680
2020,284,203,199,110,34,13,0,3,25,111,161,328,1 472
2019,348,228,174,146,74,19,0,0,14,51,225,248,1 526
2018,237,344,229,109,52,5,0,2,13,71,172,284,1 518
2017,390,193,158,120,67,8,2,2,46,59,226,348,1 620
2016,286,245,230,129,75,11,4,3,13,98,199,281,1 572
2015,314,315,195,122,41,6,0,5,27,114,166,203,1 507
2014,280,247,187,92,61,9,5,7,13,46,142,296,1 385
2013,357,350,249,167,104,23,1,4,21,50,247,286,1 859
2012,306,387,161,139,61,13,3,1,23,86,190,327,1 698
2011,350,257,219,87,43,23,7,7,13,77,147,287,1 516
2010,428,320,265,131,84,18,1,4,39,123,243,377,2 032
2009,398,287,208,120,35,13,3,1,19,93,175,335,1 686
2022,424,240,206,173,39,5,0,0,0,0,0,0,1 087
2021,394,200,235,181,111,15,14,14,16,118,284,303,1 886
2020,309,224,229,96,50,32,8,7,44,140,178,323,1 638
2019,407,247,221,164,116,37,3,8,27,71,253,265,1 818
2018,276,363,262,126,91,14,2,6,16,114,212,282,1 766
2017,437,239,207,158,66,13,6,11,55,85,285,362,1 922
2016,288,277,261,160,94,27,11,11,24,106,217,335,1 811
2015,375,349,229,128,67,11,5,11,50,123,195,235,1 778
2014,290,272,229,124,98,16,11,16,24,62,152,363,1 657
2013,392,353,251,191,149,49,3,10,30,69,284,347,2 129
2012,349,473,220,188,75,20,17,5,35,100,230,311,2 021
2011,395,284,231,96,46,39,17,12,22,100,162,294,1 697
2010,432,341,292,154,126,36,5,14,50,145,266,413,2 273
2009,401,328,259,189,59,21,10,8,32,112,184,358,1 960
2022,430,260,226,184,56,9,0,0,0,0,0,0,1 163
2021,398,212,255,208,128,24,23,31,30,151,301,313,2 073
2020,341,243,247,114,68,44,18,15,55,154,217,336,1 852
2019,413,264,252,180,138,51,8,17,42,94,266,272,1 996
2018,282,372,273,146,101,26,8,16,36,135,248,291,1 932
2017,454,267,224,193,84,20,11,20,71,109,309,361,2 123
2016,295,287,276,180,109,37,22,25,36,132,242,356,1 995
2015,379,354,258,154,84,23,13,22,72,152,208,280,1 998
2014,302,291,255,142,127,29,17,30,42,83,172,366,1 857
2013,379,352,260,195,165,63,6,23,49,91,284,388,2 255
2012,357,476,267,212,93,33,36,13,50,126,250,329,2 240
2011,413,291,243,114,62,48,31,20,36,127,189,298,1 872
2010,439,361,302,183,142,47,11,28,68,166,270,432,2 450
2009,405,341,292,194,79,36,23,16,51,132,216,375,2 160
2022,374,234,197,162,46,8,0,0,0,0,0,0,1 021
2021,363,200,236,169,127,23,16,19,25,115,282,288,1 862
2020,278,207,232,96,62,46,13,11,43,129,179,291,1 588
2019,367,221,203,159,117,41,6,13,34,70,243,255,1 729
2018,266,361,253,126,83,15,4,10,32,119,216,257,1 743
2017,414,231,188,165,67,19,12,18,59,87,268,345,1 871
2016,272,268,258,181,86,35,16,16,27,137,227,307,1 829
2015,349,321,237,126,79,22,11,16,60,139,166,229,1 756
2014,259,240,223,125,108,21,12,28,27,64,144,344,1 596
2013,350,334,255,184,157,53,4,18,36,76,256,338,2 060
2012,334,440,217,211,77,28,30,9,42,113,222,285,2 007
2011,374,263,219,90,51,43,26,17,27,108,153,260,1 629
2010,439,330,274,139,120,38,10,26,57,151,248,408,2 241
2009,397,307,249,176,67,25,16,13,41,103,178,330,1 902
2022,338,220,181,151,32,4,0,0,0,0,0,0,927
2021,335,186,211,149,97,18,6,6,14,76,237,258,1 592
2020,255,194,206,85,52,25,5,4,22,94,150,241,1 331
2019,332,208,177,138,86,29,1,6,22,43,191,224,1 459
2018,244,326,235,119,75,7,1,3,22,106,189,227,1 551
2017,376,213,175,144,56,11,3,7,32,51,223,296,1 586
2016,227,236,238,160,67,17,4,8,17,94,198,268,1 533
2015,306,301,236,109,59,18,8,7,32,97,130,192,1 494
2014,234,209,210,112,77,14,3,8,14,38,117,295,1 331
2013,301,294,231,172,128,45,1,11,15,49,215,290,1 752
2012,297,406,220,187,63,17,11,3,24,83,182,235,1 728
2011,338,240,196,78,42,27,13,6,10,77,130,219,1 376
2010,386,308,257,127,95,26,4,12,34,116,202,361,1 926
2009,353,277,223,170,64,15,6,5,29,78,151,294,1 663
2022,345,202,238,144,34,1,0,0,0,0,0,0,964
2021,335,207,223,166,76,5,1,5,13,94,221,292,1 636
2020,289,192,209,128,34,9,1,3,26,101,157,308,1 457
2019,353,246,188,153,75,20,0,1,16,46,215,230,1 543
2018,218,342,218,122,51,7,0,3,15,71,165,266,1 476
2017,384,198,161,119,59,5,1,1,38,57,211,339,1 572
2016,272,228,231,119,68,8,2,2,14,93,177,285,1 499
2015,306,295,187,124,37,5,1,3,27,109,162,200,1 457
2014,261,225,196,89,58,10,1,5,14,40,122,276,1 296
2013,351,317,241,161,88,19,1,2,17,46,222,286,1 751
2012,292,397,177,128,61,10,2,1,19,78,178,310,1 652
2011,350,257,219,93,42,18,4,5,12,69,131,252,1 451
2010,403,307,263,136,69,13,0,2,36,112,219,359,1 919
2009,378,277,200,121,34,9,1,1,19,85,151,322,1 597
2022,362,270,243,201,101,29,0,0,0,0,0,0,1 206
2021,387,295,299,268,168,60,35,48,54,149,304,319,2 388
2020,319,249,274,139,108,70,49,35,67,166,220,329,2 023
2019,390,285,254,219,160,73,27,39,67,133,286,326,2 257
2018,295,392,315,177,130,39,22,43,82,160,272,292,2 220
2017,446,284,231,237,111,51,32,43,101,125,290,339,2 289
2016,336,313,330,259,129,64,48,40,42,203,286,379,2 428
2015,366,363,296,182,143,74,41,48,109,176,180,234,2 211
2014,317,280,272,191,148,71,36,61,60,113,219,340,2 109
2013,386,370,357,256,195,83,26,43,72,111,285,352,2 535
2012,332,409,257,259,142,71,63,38,110,155,292,313,2 441
2011,384,260,274,145,121,84,67,49,60,139,193,301,2 076
2010,470,355,318,211,178,65,32,57,99,178,310,488,2 760
2009,444,360,301,212,131,76,49,46,76,148,214,399,2 456
2022,446,303,280,222,96,19,0,0,0,0,0,0,1 366
2021,426,300,326,265,170,41,35,52,54,191,361,379,2 600
2020,345,263,285,152,121,72,34,26,73,180,250,357,2 157
2019,443,297,272,222,166,59,23,35,73,122,293,327,2 332
2018,317,446,315,171,121,40,17,25,74,168,285,352,2 331
2017,501,305,247,250,121,40,26,32,90,149,340,397,2 498
2016,369,339,352,262,157,67,37,36,59,222,305,433,2 636
2015,417,396,314,197,128,54,31,29,108,210,229,296,2 407
2014,330,297,288,198,157,55,31,56,72,121,221,395,2 220
2013,437,427,358,257,195,80,21,47,67,123,334,394,2 740
2012,394,529,276,261,127,56,55,29,98,159,304,359,2 647
2011,431,331,300,171,114,69,53,38,62,163,228,335,2 295
2010,533,393,340,214,186,64,30,46,113,218,323,524,2 984
2009,502,383,312,184,105,56,27,24,83,189,241,417,2 523
2022,417,288,250,196,78,19,0,0,0,0,0,0,1 248
2021,414,298,304,248,163,33,27,37,43,164,335,346,2 409
2020,334,253,277,136,103,59,29,25,54,171,239,344,2 023
2019,412,280,256,213,157,57,16,24,59,130,288,315,2 206
2018,305,431,309,155,105,31,9,25,65,147,285,335,2 202
2017,471,292,236,230,106,34,22,30,83,123,299,377,2 303
2016,363,330,331,250,141,54,31,27,43,202,288,406,2 467
2015,397,377,296,177,122,48,26,26,96,185,198,274,2 222
2014,327,283,263,176,145,52,25,47,51,111,221,387,2 087
2013,416,399,354,245,179,68,12,34,66,114,312,373,2 570
2012,360,476,239,252,118,58,43,25,93,153,301,337,2 453
2011,411,308,266,137,99,56,46,34,49,143,206,311,2 064
2010,513,382,320,200,167,52,22,37,94,199,318,504,2 808
2009,497,371,315,184,113,65,36,28,62,171,228,408,2 476
2022,505,342,322,253,95,22,0,0,0,0,0,0,1 539
2021,496,308,342,289,181,33,36,49,61,216,383,464,2 857
2020,415,316,320,183,119,64,32,29,82,214,294,421,2 491
2019,501,357,322,245,183,56,22,32,75,132,349,373,2 646
2018,373,473,347,166,114,45,21,24,65,183,295,410,2 517
2017,592,314,265,261,138,35,26,33,128,181,378,481,2 832
2016,399,359,386,240,165,52,38,37,58,243,327,476,2 780
2015,458,451,336,224,117,40,19,29,115,242,291,343,2 664
2014,398,352,312,204,162,55,45,54,79,125,247,441,2 474
2013,508,499,374,255,211,84,24,43,83,140,396,423,3 039
2012,467,590,290,243,130,51,45,32,92,178,302,454,2 874
2011,484,386,326,174,102,71,68,46,64,187,272,426,2 606
2010,576,426,385,231,188,73,26,48,125,233,342,552,3 204
2009,545,431,369,198,101,65,36,28,78,214,271,468,2 803
2022,514,315,254,222,72,16,0,0,0,0,0,0,1 393
2021,469,282,317,249,175,24,27,40,52,199,400,417,2 651
2020,390,272,293,126,106,48,16,17,67,187,267,375,2 164
2019,490,309,272,213,170,37,15,22,61,127,315,353,2 383
2018,326,463,335,131,96,34,11,19,50,172,298,394,2 328
2017,583,294,233,230,109,25,18,22,97,157,358,444,2 568
2016,384,357,355,227,145,50,24,26,42,219,323,541,2 692
2015,448,420,309,178,115,29,13,19,100,224,273,294,2 422
2014,351,307,263,166,133,38,34,45,58,125,236,421,2 178
2013,482,497,377,228,194,72,14,34,77,133,385,429,2 920
2012,440,559,235,232,111,42,35,21,89,164,309,400,2 635
2011,457,376,281,134,81,55,56,32,51,173,316,384,2 396
2010,567,409,349,191,170,54,15,37,111,217,329,511,2 961
2009,565,420,340,169,75,54,24,18,71,212,243,428,2 619
2022,367,231,200,173,50,6,0,0,0,0,0,0,1 027
2021,359,179,226,175,116,25,18,19,24,116,270,276,1 803
2020,284,185,215,87,53,37,13,13,42,122,188,279,1 519
2019,362,220,206,152,116,39,7,13,35,73,221,242,1 684
2018,259,336,239,127,91,19,2,11,26,124,219,245,1 698
2017,416,231,178,165,60,14,10,14,57,80,263,325,1 813
2016,240,246,245,172,86,33,14,17,26,109,222,311,1 720
2015,344,316,234,114,73,19,8,16,61,121,162,235,1 702
2014,250,228,224,115,103,24,11,21,26,54,151,327,1 533
2013,316,308,222,171,156,58,3,17,35,73,249,337,1 944
2012,312,413,207,194,71,22,24,8,37,112,221,276,1 898
2011,355,248,213,90,48,37,24,14,23,100,169,259,1 580
2010,374,302,263,139,123,37,10,24,49,151,230,377,2 078
2009,366,288,238,177,69,22,15,9,35,103,168,306,1 796
2022,430,307,266,209,97,28,0,0,0,0,0,0,1 335
2021,425,319,320,268,181,37,36,51,55,181,355,359,2 587
2020,351,266,293,145,115,69,36,32,64,185,260,361,2 174
2019,435,293,272,225,170,65,29,36,75,142,299,337,2 377
2018,323,459,326,169,113,39,15,34,82,160,304,355,2 378
2017,493,310,249,244,113,41,32,35,95,140,323,397,2 473
2016,381,350,350,264,154,62,47,44,60,220,305,430,2 666
2015,417,396,315,196,143,63,36,34,108,202,221,294,2 423
2014,349,301,283,192,162,64,33,62,63,124,240,403,2 274
2013,438,420,376,263,195,80,21,49,81,130,327,396,2 775
2012,378,505,259,273,129,75,58,39,107,166,316,359,2 665
2011,426,325,282,161,121,69,63,45,59,165,235,336,2 285
2010,537,396,334,220,184,63,34,52,104,215,341,528,3 008
2009,517,395,332,189,127,76,48,38,77,193,241,428,2 661
2022,496,334,309,246,97,23,0,0,0,0,0,0,1 504
2021,465,289,345,286,179,45,40,51,65,210,373,418,2 767
2020,399,289,315,171,136,72,38,30,92,201,280,387,2 410
2019,495,340,301,247,187,54,25,40,93,128,323,349,2 581
2018,334,470,327,168,120,51,25,33,76,187,286,381,2 458
2017,559,293,257,265,136,34,24,39,123,181,368,433,2 711
2016,357,347,359,222,146,50,33,36,58,235,304,455,2 602
2015,428,428,316,203,117,35,18,27,114,232,268,302,2 487
2014,348,301,292,202,148,52,43,48,69,109,225,433,2 270
2013,463,473,349,246,209,80,19,44,75,128,372,403,2 860
2012,423,573,272,248,116,41,45,28,92,161,292,387,2 678
2011,464,368,308,160,89,63,56,36,56,166,246,367,2 380
2010,547,408,364,215,191,65,22,46,118,224,317,501,3 016
2009,510,417,356,189,91,55,26,26,85,213,234,430,2 631
2022,521,386,383,305,138,37,0,0,0,0,0,0,1 770
2021,546,338,403,356,251,82,77,84,103,273,424,474,3 410
2020,445,360,379,237,169,122,62,61,138,279,331,474,3 055
2019,566,387,368,321,249,96,49,71,138,192,407,407,3 251
2018,405,535,408,236,189,92,50,55,120,235,357,434,3 116
2017,607,367,336,317,198,73,58,67,183,232,425,506,3 368
2016,443,421,430,304,226,108,71,81,116,283,374,472,3 329
2015,506,499,380,274,176,76,38,70,177,296,336,380,3 208
2014,441,389,374,273,233,101,92,107,116,176,304,486,3 091
2013,536,531,422,326,287,135,57,87,134,196,440,472,3 622
2012,490,629,345,333,196,87,91,69,150,232,360,485,3 466
2011,531,416,381,237,160,132,117,80,107,237,297,431,3 125
2010,618,501,454,289,270,123,56,91,180,288,401,576,3 846
2009,583,480,420,278,151,111,75,62,135,269,337,518,3 417
2022,377,266,225,176,79,19,0,0,0,0,0,0,1 142
2021,391,281,282,227,156,43,33,39,42,148,316,312,2 269
2020,305,240,258,126,87,62,35,29,59,164,218,321,1 902
2019,375,267,249,201,142,64,17,29,54,116,282,302,2 096
2018,284,386,297,165,104,29,12,32,61,146,267,285,2 069
2017,427,270,221,213,93,41,26,38,88,109,278,335,2 139
2016,317,301,310,241,124,52,37,30,42,186,264,355,2 256
2015,357,351,275,157,131,55,32,37,90,170,166,240,2 061
2014,300,268,259,172,136,50,28,55,42,100,195,338,1 941
2013,378,359,334,242,178,73,12,37,62,102,275,340,2 390
2012,334,424,231,247,121,62,56,31,85,147,267,304,2 308
2011,381,269,254,124,99,67,53,40,54,131,168,288,1 926
2010,465,353,312,182,155,46,26,48,92,174,298,478,2 629
2009,432,339,291,207,112,56,51,38,57,141,208,384,2 313
2022,441,311,285,228,104,25,0,0,0,0,0,0,1 394
2021,433,310,333,290,180,46,37,44,64,203,370,372,2 681
2020,360,271,298,166,135,70,41,32,81,182,260,360,2 254
2019,453,313,286,226,182,61,32,42,82,141,304,344,2 464
2018,319,462,329,168,115,42,22,39,98,183,296,360,2 432
2017,522,310,254,267,120,39,29,39,102,153,341,396,2 571
2016,388,347,354,251,145,56,38,42,65,235,319,442,2 681
2015,434,400,333,212,139,58,35,32,112,215,227,285,2 481
2014,345,306,300,200,159,64,38,61,86,129,235,397,2 320
2013,458,436,380,257,200,77,20,54,88,134,341,399,2 844
2012,391,514,292,265,123,68,55,39,121,176,321,376,2 740
2011,436,350,296,170,120,66,61,46,73,173,245,353,2 389
2010,534,397,340,230,180,70,29,53,122,225,330,537,3 046
2009,516,407,344,184,121,78,40,36,92,207,242,433,2 700
2022,442,311,276,222,101,30,0,0,0,0,0,0,1 382
2021,437,328,326,283,185,40,33,46,59,191,368,368,2 665
2020,360,273,303,154,132,69,44,29,69,189,261,366,2 249
2019,444,305,283,235,176,63,34,36,80,151,306,349,2 462
2018,330,472,326,167,116,45,16,34,88,165,303,359,2 421
2017,512,310,249,259,119,41,30,38,96,141,323,403,2 520
2016,383,356,359,264,148,61,39,38,54,227,313,443,2 684
2015,424,403,314,207,139,64,36,33,114,211,221,279,2 444
2014,340,295,282,195,157,70,36,61,72,129,236,407,2 279
2013,447,423,383,263,201,82,24,51,87,128,336,393,2 817
2012,382,511,271,267,125,71,56,37,112,171,319,369,2 690
2011,431,330,290,159,118,70,65,46,61,162,241,347,2 318
2010,547,403,337,226,190,70,31,52,108,219,350,539,3 071
2009,521,409,344,188,132,85,47,34,85,195,243,435,2 719
2022,437,277,225,200,75,15,0,0,0,0,0,0,1 229
2021,432,219,270,211,154,36,31,43,45,160,324,336,2 260
2020,324,249,259,107,79,66,29,22,73,180,206,356,1 948
2019,458,258,251,189,154,55,16,28,54,100,286,304,2 152
2018,315,410,293,139,106,35,17,24,47,140,241,329,2 095
2017,475,262,225,200,95,31,20,29,97,130,315,418,2 296
2016,337,310,310,209,123,55,34,32,54,166,264,354,2 247
2015,411,382,266,157,109,34,19,28,91,176,225,248,2 145
2014,316,296,252,161,138,43,27,51,52,89,177,400,2 002
2013,439,395,292,219,187,73,13,33,61,104,325,377,2 517
2012,390,514,233,235,98,48,51,21,66,126,259,349,2 390
2011,406,311,248,117,74,63,49,31,41,126,182,329,1 975
2010,487,371,308,174,160,59,20,46,97,191,313,441,2 668
2009,435,347,292,200,87,51,29,24,64,152,216,391,2 287
2022,433,254,223,173,52,8,0,0,0,0,0,0,1 143
2021,398,210,251,197,129,24,18,28,29,144,298,322,2 047
2020,325,245,241,113,65,44,18,14,54,140,206,332,1 795
2019,410,263,232,176,128,45,8,17,44,85,256,278,1 942
2018,271,368,259,127,91,20,7,15,41,133,242,293,1 867
2017,447,249,202,182,78,18,10,17,69,101,303,364,2 040
2016,295,280,275,177,101,38,18,23,36,136,232,364,1 973
2015,385,344,238,146,79,22,10,19,73,155,207,281,1 960
2014,293,271,240,139,112,25,14,30,43,72,159,370,1 766
2013,390,353,259,187,159,57,5,22,41,86,279,389,2 226
2012,357,480,240,205,83,30,35,13,49,117,246,316,2 171
2011,399,288,237,113,56,45,30,19,33,119,169,294,1 801
2010,447,344,293,171,138,44,11,29,72,170,266,446,2 432
2009,414,325,271,177,69,35,19,15,50,122,194,364,2 057
2022,463,369,372,290,122,28,0,0,0,0,0,0,1 644
2021,559,339,383,324,249,75,64,72,86,241,392,419,3 202
2020,444,358,361,221,141,116,43,51,117,283,286,486,2 907
2019,567,344,356,322,248,88,37,44,109,189,413,397,3 113
2018,422,523,423,245,185,78,36,49,87,205,332,415,3 001
2017,559,366,318,288,178,66,49,55,175,194,402,517,3 167
2016,456,423,427,307,231,110,60,62,101,248,364,389,3 176
2015,496,477,352,254,171,71,33,62,162,265,313,355,3 011
2014,460,408,354,253,234,86,86,98,99,158,293,482,3 010
2013,513,528,422,322,298,138,43,70,123,194,423,428,3 500
2012,479,576,314,345,188,92,83,46,132,228,344,490,3 318
2011,502,387,375,200,141,127,105,64,82,217,277,441,2 917
2010,600,499,450,270,260,122,41,74,151,283,425,554,3 729
2009,543,469,397,299,144,100,66,45,111,234,329,513,3 248
2022,412,282,245,201,88,23,0,0,0,0,0,0,1 251
2021,410,294,298,244,165,43,33,45,41,155,333,337,2 398
2020,327,255,280,133,100,65,37,25,60,172,223,338,2 016
2019,403,268,264,216,152,63,18,27,62,124,288,313,2 198
2018,299,411,315,168,115,34,12,30,64,155,269,312,2 184
2017,452,288,239,229,106,39,27,35,88,117,291,366,2 276
2016,337,321,336,254,132,58,35,31,40,196,281,366,2 385
2015,389,373,296,176,131,56,32,37,104,193,188,254,2 229
2014,321,289,271,191,153,58,28,56,52,109,213,375,2 116
2013,402,389,359,262,194,82,16,40,64,110,304,353,2 575
2012,362,461,252,266,130,65,55,30,91,155,287,328,2 481
2011,404,286,275,133,101,79,58,42,52,140,182,310,2 061
2010,490,374,323,200,171,52,24,44,89,189,313,495,2 765
2009,462,360,310,216,115,61,45,35,65,148,225,398,2 439
2022,303,242,260,226,146,44,0,0,0,0,0,0,1 220
2021,327,292,284,294,199,102,47,35,36,101,205,258,2 178
2020,277,257,285,202,169,87,56,20,50,138,174,272,1 987
2019,322,261,257,232,182,94,40,30,43,121,242,269,2 091
2018,280,342,320,211,173,96,39,30,56,124,219,253,2 143
2017,340,273,239,230,146,68,34,38,64,99,202,267,2 000
2016,294,290,309,253,172,107,52,26,29,143,220,273,2 166
2015,307,318,299,231,177,106,53,48,79,133,151,176,2 079
2014,278,265,270,209,161,84,29,34,31,81,188,261,1 890
2013,337,336,369,284,224,136,57,37,59,93,217,258,2 405
2012,279,333,283,258,187,110,71,33,79,143,229,284,2 287
2011,335,269,310,202,152,106,73,47,47,105,152,244,2 041
2010,402,325,314,255,214,117,39,35,60,135,258,388,2 540
2009,370,317,304,229,183,98,43,33,46,104,180,329,2 235
2022,444,317,329,252,126,46,0,0,0,0,0,0,1 514
2021,448,341,347,316,207,56,45,50,86,216,372,375,2 859
2020,389,296,327,191,173,95,60,38,94,184,300,388,2 534
2019,469,339,297,253,206,70,54,53,101,168,340,375,2 725
2018,345,478,377,182,120,58,21,55,112,192,326,387,2 653
2017,551,329,275,290,143,62,44,55,125,175,354,404,2 806
2016,424,363,382,271,157,65,47,56,81,243,348,466,2 900
2015,452,409,353,249,172,83,52,45,129,234,247,296,2 723
2014,383,334,321,211,162,87,40,79,94,153,277,417,2 558
2013,487,466,452,266,207,99,34,69,112,161,357,419,3 128
2012,0,0,0,0,97,93,65,52,137,209,351,390,1 393
2011,0,0,0,0,0,0,0,0,0,0,0,0,0
2010,0,0,0,0,0,0,0,0,0,0,0,0,0
2009,0,0,0,0,0,0,0,0,0,0,0,0,0
2022,447,322,276,232,91,25,0,0,0,0,0,0,1 394
2021,460,325,337,277,177,34,30,40,65,196,374,383,2 697
2020,381,287,302,150,132,64,34,20,76,183,269,379,2 277
2019,478,318,290,219,176,41,27,31,80,147,328,358,2 493
2018,338,466,360,153,92,36,14,27,86,185,296,381,2 433
2017,552,316,259,270,112,37,21,32,114,171,353,412,2 647
2016,404,355,368,252,132,50,30,36,62,225,333,453,2 700
2015,446,405,336,214,139,56,21,24,102,211,243,292,2 488
2014,359,313,296,181,133,50,28,56,74,131,250,413,2 284
2013,475,463,404,240,194,77,16,44,89,138,349,399,2 888
2012,408,527,273,249,110,61,39,26,111,192,325,385,2 704
2011,447,363,285,152,108,59,63,36,66,178,266,364,2 386
2010,552,399,336,225,179,61,26,50,116,233,336,556,3 069
2009,531,418,358,177,103,72,27,28,81,214,249,453,2 709
2022,447,322,276,232,91,25,0,0,0,0,0,0,1 394
2021,460,325,337,277,177,34,30,40,65,196,374,383,2 697
2020,381,287,302,150,132,64,34,20,76,183,269,379,2 277
2019,478,318,290,219,176,41,27,31,80,147,328,358,2 493
2018,338,466,360,153,92,36,14,27,86,185,296,381,2 433
2017,552,316,259,270,112,37,21,32,114,171,353,412,2 647
2016,404,355,368,252,132,50,30,36,62,225,333,453,2 700
2015,446,405,336,214,139,56,21,24,102,211,243,292,2 488
2014,359,313,296,181,133,50,28,56,74,131,250,413,2 284
2013,475,463,404,240,194,77,16,44,89,138,349,399,2 888
2012,408,527,273,249,110,61,39,26,111,192,325,385,2 704
2011,447,363,285,152,108,59,63,36,66,178,266,364,2 386
2010,552,399,336,225,179,61,26,50,116,233,336,556,3 069
2009,531,418,358,177,103,72,27,28,81,214,249,453,2 709
2022,397,297,263,211,103,28,0,0,0,0,0,0,1 299
2021,408,315,311,265,182,55,34,50,57,165,332,341,2 514
2020,339,265,291,136,109,71,46,28,62,180,244,341,2 112
2019,399,302,270,228,163,70,26,35,68,144,297,336,2 337
2018,305,410,322,179,114,36,12,34,76,161,291,317,2 256
2017,457,296,240,238,116,45,30,39,98,130,296,355,2 339
2016,356,330,338,268,137,61,39,35,43,207,293,396,2 501
2015,391,371,303,189,144,67,36,38,109,189,195,266,2 298
2014,336,292,270,198,149,66,28,57,59,124,231,366,2 176
2013,408,390,371,261,196,84,20,38,69,122,301,371,2 632
2012,352,453,256,271,142,78,61,36,105,169,302,331,2 555
2011,395,293,283,145,118,77,66,50,66,160,214,317,2 182
2010,0,0,0,0,0,0,0,0,96,187,322,503,1 107
2009,0,0,0,0,0,0,0,0,0,0,0,0,0
2022,468,328,321,256,103,27,0,0,0,0,0,0,1 503
2021,476,353,357,295,195,30,34,44,82,214,392,403,2 874
2020,426,306,332,182,151,63,34,21,86,194,313,396,2 505
2019,496,341,304,250,184,43,27,30,88,158,350,388,2 660
2018,356,497,405,169,99,38,16,29,90,194,319,399,2 609
2017,592,338,278,275,125,41,19,30,122,186,368,421,2 796
2016,433,366,387,269,143,46,29,36,60,244,360,499,2 872
2015,465,441,347,239,136,60,23,25,115,248,274,311,2 683
2014,394,334,308,189,145,58,29,64,77,141,297,428,2 464
2013,506,487,449,249,194,78,20,43,94,157,369,430,3 077
2012,427,553,290,267,117,65,44,31,112,227,342,415,2 889
2011,456,390,314,170,123,58,66,43,74,215,330,386,2 625
2010,578,422,359,241,190,59,28,53,131,259,342,591,3 251
2009,584,432,377,183,101,73,32,38,89,244,265,473,2 890
2022,453,327,281,236,98,28,0,0,0,0,0,0,1 423
2021,475,324,341,291,195,41,36,48,68,195,376,386,2 776
2020,382,302,316,158,146,74,46,25,87,197,277,387,2 395
2019,489,312,303,225,194,49,36,35,93,161,338,368,2 602
2018,355,476,374,157,99,47,22,34,94,188,303,393,2 543
2017,554,326,261,281,118,46,27,39,119,179,364,426,2 739
2016,413,368,384,267,138,56,39,43,68,231,340,453,2 800
2015,460,414,343,220,157,70,31,31,115,228,256,292,2 616
2014,370,323,289,188,150,69,36,59,76,137,261,432,2 391
2013,484,476,431,254,205,88,22,48,99,147,362,401,3 019
2012,420,534,271,262,121,75,50,33,122,199,332,400,2 820
2011,456,373,297,162,127,69,77,44,72,191,279,379,2 526
2010,568,414,353,241,203,75,35,60,127,241,352,580,3 247
2009,533,421,363,178,115,87,36,38,93,225,262,466,2 816
2022,357,262,229,187,97,21,0,0,0,0,0,0,1 152
2021,370,287,275,236,160,53,31,41,48,134,293,310,2 237
2020,303,235,255,140,95,61,48,38,61,152,201,303,1 890
2019,359,263,239,197,152,74,26,38,62,121,268,298,2 095
2018,283,369,303,173,112,33,16,40,72,154,253,277,2 085
2017,425,276,219,210,94,45,25,43,98,104,274,315,2 127
2016,315,295,304,253,118,59,40,39,46,183,262,334,2 247
2015,341,344,284,171,139,76,40,49,102,161,157,190,2 054
2014,304,264,278,182,148,57,34,64,51,108,199,317,2 006
2013,355,351,345,252,188,79,20,41,69,101,263,327,2 390
2012,322,389,232,245,135,68,52,34,100,143,267,293,2 281
2011,367,266,258,135,123,81,66,49,57,128,175,288,1 993
2010,456,354,328,194,169,61,31,56,109,168,295,464,2 684
2009,420,340,284,216,124,62,45,49,63,137,192,376,2 308
2022,462,332,321,252,98,29,0,0,0,0,0,0,1 493
2021,485,356,353,286,201,32,35,43,75,213,378,397,2 853
2020,420,315,330,180,149,63,39,23,87,197,319,404,2 526
2019,496,349,303,238,180,46,29,33,93,169,361,393,2 688
2018,360,495,408,169,93,39,13,32,94,195,326,404,2 626
2017,579,356,276,269,122,42,23,33,124,184,367,423,2 798
2016,442,374,385,276,140,49,32,37,64,239,360,498,2 895
2015,466,440,352,240,143,61,28,25,117,245,276,329,2 720
2014,404,346,303,182,146,60,28,67,73,152,305,424,2 489
2013,502,482,450,249,192,82,18,47,100,167,369,427,3 083
2012,427,534,277,261,112,67,45,31,112,228,343,422,2 861
2011,452,387,305,160,118,57,62,39,72,218,327,385,2 582
2010,582,423,358,235,189,58,28,52,124,249,339,595,3 233
2009,589,431,372,170,103,75,32,33,75,241,274,478,2 872
2022,467,326,287,233,109,24,0,0,0,0,0,0,1 446
2021,445,301,342,284,184,51,42,70,68,212,377,401,2 777
2020,380,275,297,165,132,73,47,32,102,188,269,366,2 325
2019,480,328,299,233,179,64,30,52,95,136,304,341,2 541
2018,321,458,321,165,134,50,30,39,96,190,289,368,2 460
2017,530,312,261,269,124,38,30,45,112,172,356,400,2 648
2016,389,345,366,260,160,58,42,49,71,241,314,474,2 769
2015,440,411,318,213,142,53,35,34,123,226,263,333,2 589
2014,351,308,311,212,160,56,40,66,92,131,237,406,2 370
2013,452,445,362,251,207,80,26,56,87,136,354,428,2 884
2012,410,529,291,259,131,59,56,37,113,171,324,383,2 763
2011,454,361,305,182,131,72,68,48,73,187,243,345,2 468
2010,544,404,350,229,201,78,38,59,137,237,324,526,3 125
2009,520,422,355,196,118,81,45,48,102,223,247,432,2 789
2022,418,305,280,217,105,31,0,0,0,0,0,0,1 356
2021,451,357,318,307,187,44,28,42,56,192,321,363,2 666
2020,376,300,325,167,133,64,43,25,71,186,256,372,2 317
2019,447,309,275,216,173,53,29,36,82,165,327,366,2 478
2018,359,451,378,165,108,50,12,34,95,175,313,359,2 498
2017,498,329,251,254,111,36,33,38,104,138,321,405,2 518
2016,390,365,350,264,125,64,35,37,46,223,339,423,2 661
2015,428,398,335,231,152,78,40,36,122,214,234,262,2 530
2014,366,311,276,173,141,69,33,64,59,130,266,409,2 298
2013,494,443,449,271,208,90,26,35,99,153,329,373,2 969
2012,385,483,278,282,143,89,52,35,107,204,321,387,2 763
2011,423,341,315,142,124,78,72,50,68,170,277,354,2 413
2010,548,427,338,237,214,68,23,54,101,216,350,575,3 149
2009,537,394,337,178,134,77,40,38,73,190,247,463,2 707
2022,431,314,306,262,137,45,0,0,0,0,0,0,1 494
2021,444,355,347,330,208,65,42,61,81,209,342,363,2 844
2020,379,294,334,195,163,80,62,37,90,190,281,373,2 478
2019,452,336,290,256,202,75,55,54,96,169,319,376,2 678
2018,349,464,368,192,139,63,23,46,118,194,327,361,2 645
2017,516,324,268,289,140,58,45,55,113,155,332,403,2 696
2016,409,362,375,286,166,68,51,50,62,234,333,452,2 849
2015,435,414,344,241,172,96,53,50,140,229,239,276,2 688
2014,365,314,312,220,180,91,49,73,82,151,266,416,2 519
2013,469,445,439,286,219,102,39,63,112,157,342,401,3 072
2012,395,492,296,302,167,95,69,53,129,199,327,386,2 908
2011,432,337,318,184,155,81,83,59,80,184,287,352,2 554
2010,549,414,351,260,226,83,37,68,125,227,356,588,3 283
2009,544,407,364,205,162,101,49,47,91,199,248,463,2 879
2022,407,307,271,230,117,32,0,0,0,0,0,0,1 364
2021,430,339,333,290,193,56,36,56,65,189,344,355,2 685
2020,365,285,310,157,133,78,53,37,72,199,254,355,2 298
2019,424,322,285,241,179,73,38,45,84,162,313,355,2 521
2018,330,443,348,190,131,47,16,43,102,186,309,346,2 490
2017,484,314,257,265,127,54,39,51,118,146,311,384,2 548
2016,389,349,358,284,155,73,49,47,61,228,311,431,2 736
2015,414,392,326,207,157,80,47,51,126,210,215,285,2 509
2014,352,313,290,212,164,75,39,75,76,162,254,389,2 400
2013,432,413,408,275,216,92,27,55,87,149,326,401,2 880
2012,371,470,276,292,159,87,72,46,123,188,325,362,2 771
2011,423,317,301,166,139,87,74,56,78,175,247,339,2 402
2010,534,393,345,243,204,76,36,67,118,210,347,536,3 107
2009,513,386,341,218,151,88,50,48,88,193,250,454,2 778
2022,388,284,279,235,136,39,0,0,0,0,0,0,1 360
2021,421,339,331,323,204,71,34,48,54,171,286,331,2 612
2020,348,287,321,184,155,76,55,21,74,177,241,350,2 288
2019,414,311,281,230,186,69,48,35,78,153,305,333,2 444
2018,342,424,366,186,135,72,27,35,101,167,298,330,2 482
2017,463,319,259,270,132,48,35,46,96,124,289,364,2 445
2016,363,349,351,269,151,81,43,36,44,196,312,392,2 588
2015,391,378,334,241,172,99,46,41,121,199,198,231,2 451
2014,341,291,283,202,159,92,39,56,57,118,253,362,2 253
2013,441,420,425,300,223,105,37,47,96,138,308,339,2 879
2012,355,476,288,287,175,101,61,36,107,201,295,357,2 738
2011,410,322,313,167,142,94,77,49,58,155,255,306,2 348
2010,509,392,343,256,236,94,41,50,100,195,330,527,3 071
2009,496,380,346,209,161,85,40,37,74,171,222,427,2 647
2022,453,301,272,215,81,17,0,0,0,0,0,0,1 339
2021,436,264,305,258,161,32,30,43,51,181,353,403,2 518
2020,366,253,295,137,117,62,27,21,81,174,243,360,2 137
2019,460,294,262,223,163,53,13,28,67,110,294,319,2 286
2018,300,451,297,150,111,38,18,24,60,171,268,341,2 230
2017,522,282,237,238,118,26,16,33,96,149,337,406,2 460
2016,342,334,348,238,144,52,31,30,49,239,297,442,2 546
2015,407,409,295,186,112,37,17,24,108,225,239,287,2 346
2014,333,295,282,191,138,48,33,49,72,102,222,412,2 176
2013,461,445,361,241,203,75,23,39,71,127,360,382,2 789
2012,407,565,261,249,117,40,45,28,77,152,293,368,2 602
2011,450,348,299,156,90,64,63,34,52,150,226,329,2 260
2010,532,396,343,211,193,77,23,40,113,213,310,504,2 954
2009,511,399,331,189,92,57,27,28,73,192,225,415,2 537
2022,335,218,182,180,58,5,0,0,0,0,0,0,977
2021,330,150,216,179,117,27,12,17,21,95,244,212,1 620
2020,249,170,211,89,54,35,8,10,35,111,149,246,1 366
2019,346,190,202,159,130,42,6,10,30,60,197,218,1 588
2018,250,324,224,125,106,23,1,7,20,116,177,216,1 588
2017,381,205,180,169,69,17,10,11,49,69,230,296,1 686
2016,214,241,245,162,87,32,11,14,20,92,209,253,1 578
2015,306,305,245,120,81,21,5,12,56,108,142,152,1 553
2014,216,220,215,127,111,25,8,17,21,43,125,291,1 417
2013,290,300,219,180,164,67,4,10,29,60,231,280,1 835
2012,287,405,226,199,82,28,24,6,31,100,191,233,1 812
2011,326,222,210,94,52,41,20,13,21,82,139,234,1 455
2010,339,290,249,154,132,45,7,19,45,130,214,348,1 970
2009,328,285,249,185,87,24,12,8,27,93,141,288,1 726
2022,371,247,226,188,54,6,0,0,0,0,0,0,1 091
2021,364,205,250,191,122,24,24,25,28,129,287,261,1 909
2020,304,205,244,108,64,47,18,16,49,141,193,307,1 699
2019,397,235,230,173,136,52,10,15,38,87,251,252,1 876
2018,289,362,267,141,105,26,5,13,27,143,231,267,1 876
2017,431,247,203,171,71,21,16,21,68,94,274,349,1 965
2016,264,281,279,180,103,37,19,20,33,115,248,317,1 896
2015,360,348,261,140,84,21,13,21,72,132,187,228,1 865
2014,283,266,253,133,114,30,20,30,34,64,174,351,1 751
2013,352,341,253,192,182,72,5,20,49,87,278,328,2 159
2012,339,448,238,215,84,30,33,13,48,124,234,295,2 100
2011,385,266,238,104,62,53,32,19,32,114,189,287,1 780
2010,392,327,281,158,142,49,13,28,65,171,261,399,2 285
2009,379,326,269,201,85,27,21,13,42,113,194,333,2 003
2022,394,273,264,211,68,11,0,0,0,0,0,0,1 220
2021,401,243,274,224,143,36,34,30,42,149,315,289,2 180
2020,341,235,275,134,80,60,22,20,55,171,217,336,1 944
2019,432,266,268,211,166,68,13,21,53,111,291,286,2 186
2018,324,384,307,175,132,42,11,18,36,166,267,286,2 148
2017,467,274,235,207,96,32,24,26,87,114,299,379,2 241
2016,298,308,320,220,137,52,27,25,45,143,271,347,2 192
2015,385,383,282,167,113,30,19,29,84,155,223,263,2 132
2014,321,304,281,164,148,38,30,34,42,82,211,368,2 023
2013,393,367,289,226,209,86,9,22,56,100,302,355,2 415
2012,370,470,258,246,112,48,43,19,65,136,261,328,2 354
2011,408,293,269,130,83,72,43,24,40,134,216,310,2 022
2010,426,370,323,193,177,68,14,30,76,183,287,425,2 573
2009,411,342,297,231,109,42,28,18,53,133,223,369,2 255
2022,283,186,199,123,21,1,0,0,0,0,0,0,813
2021,309,178,183,147,60,1,1,2,6,65,184,246,1 382
2020,260,168,189,112,28,11,0,2,21,96,154,277,1 317
2019,298,217,165,125,72,22,1,1,10,44,198,191,1 342
2018,211,299,217,107,52,5,0,0,8,59,160,195,1 313
2017,318,189,147,109,44,6,1,1,27,42,183,300,1 365
2016,235,212,215,122,60,7,1,2,8,67,152,245,1 325
2015,276,285,173,110,36,3,1,2,21,84,130,227,1 348
2014,243,229,180,81,55,7,3,3,9,29,113,253,1 205
2013,295,295,221,158,92,19,0,1,11,43,204,284,1 625
2012,248,341,174,128,62,5,3,1,19,66,174,262,1 482
2011,318,226,196,79,36,16,2,3,10,61,106,222,1 274
2010,354,307,252,123,85,14,0,1,23,86,211,336,1 791
2009,335,256,186,143,30,9,1,0,15,63,141,292,1 472
2022,461,318,314,222,70,20,0,0,0,0,0,0,1 405
2021,480,363,337,268,172,20,28,37,71,219,387,407,2 788
2020,419,298,314,153,125,45,28,19,71,194,333,409,2 409
2019,489,339,272,216,155,30,22,24,76,151,349,402,2 524
2018,352,477,387,136,72,28,13,22,74,189,340,397,2 487
2017,604,352,252,226,99,28,16,27,107,175,348,432,2 666
2016,433,350,351,238,120,33,21,32,51,232,360,513,2 732
2015,450,443,315,207,106,47,17,24,98,234,274,332,2 547
2014,408,328,275,164,111,39,23,49,68,128,296,421,2 310
2013,489,472,439,222,160,55,15,36,83,164,363,441,2 939
2012,430,545,268,233,89,47,30,25,97,238,331,420,2 751
2011,474,386,301,141,96,46,58,35,64,235,362,380,2 579
2010,583,427,354,213,168,44,20,39,119,256,329,589,3 139
2009,598,432,361,154,75,55,28,25,75,232,274,468,2 775
2022,473,333,318,231,87,23,0,0,0,0,0,0,1 465
2021,495,352,355,281,195,32,31,45,76,224,400,422,2 907
2020,421,299,329,176,149,60,29,26,83,207,315,417,2 511
2019,499,344,301,249,190,49,25,33,85,163,346,405,2 688
2018,356,481,402,157,93,35,18,26,75,205,346,401,2 595
2017,606,354,281,254,127,36,22,33,119,175,357,448,2 810
2016,434,371,379,255,149,52,35,36,59,243,365,503,2 877
2015,437,504,325,235,133,49,22,28,104,227,277,342,2 683
2014,412,336,299,186,140,47,30,55,75,132,287,421,2 419
2013,503,485,447,243,176,72,15,44,92,165,378,432,3 052
2012,445,570,287,255,125,59,41,31,106,236,326,435,2 916
2011,482,386,322,181,128,62,71,41,73,217,344,395,2 702
2010,593,442,374,231,180,70,29,52,126,263,358,585,3 301
2009,582,447,375,167,84,64,40,34,78,245,290,479,2 885
2022,481,303,260,195,54,11,0,0,0,0,0,0,1 304
2021,444,262,289,218,128,11,14,20,30,159,333,400,2 309
2020,377,266,262,117,74,31,6,8,49,157,254,362,1 964
2019,446,309,240,182,120,30,4,13,42,95,285,327,2 092
2018,301,430,292,119,67,13,3,10,38,136,266,356,2 030
2017,532,271,211,189,95,13,7,12,75,132,329,410,2 276
2016,344,320,320,182,111,24,13,12,32,195,283,466,2 302
2015,420,393,276,161,74,13,5,9,69,192,253,290,2 154
2014,334,290,248,144,105,19,20,25,42,90,224,394,1 934
2013,453,453,328,204,158,47,4,16,46,97,338,413,2 556
2012,409,518,223,195,82,21,20,12,57,135,267,381,2 320
2011,437,339,268,109,55,37,26,20,41,141,253,361,2 085
2010,524,381,321,160,131,35,8,21,83,188,292,471,2 616
2009,511,380,304,132,51,26,11,9,47,173,223,403,2 268
2022,509,360,316,256,109,30,0,0,0,0,0,0,1 580
2021,492,355,371,303,205,38,43,60,82,229,413,450,3 042
2020,429,314,340,184,154,71,43,34,91,220,297,416,2 593
2019,510,352,316,254,194,50,34,42,103,163,345,405,2 767
2018,363,474,395,173,109,49,27,38,97,218,315,417,2 672
2017,636,338,280,275,136,42,26,37,128,204,378,466,2 946
2016,435,376,391,257,157,53,41,47,72,251,374,505,2 958
2015,481,443,350,245,142,57,28,34,131,247,305,341,2 803
2014,402,338,314,210,154,71,37,63,92,146,276,451,2 553
2013,513,493,417,253,203,87,28,54,100,151,385,461,3 144
2012,453,574,293,253,134,59,47,34,114,214,335,441,2 950
2011,478,395,323,183,128,69,80,49,78,208,305,410,2 705
2010,588,422,381,250,188,68,32,61,144,258,362,559,3 313
2009,596,452,386,195,101,75,37,37,101,249,287,467,2 982
2022,489,311,261,196,59,16,0,0,0,0,0,0,1 332
2021,452,299,309,233,160,22,22,31,45,181,357,407,2 516
2020,403,278,285,139,90,39,9,13,56,181,283,380,2 155
2019,461,316,257,204,139,40,7,18,54,123,314,350,2 282
2018,319,445,320,132,78,19,6,15,51,147,296,376,2 204
2017,555,298,225,202,104,20,11,18,93,151,347,419,2 442
2016,378,336,335,204,121,30,15,23,43,216,307,519,2 526
2015,436,400,283,169,85,19,8,14,79,208,268,333,2 301
2014,362,310,266,160,116,24,26,33,54,117,258,412,2 137
2013,469,463,361,222,173,55,6,25,62,124,352,437,2 749
2012,416,521,228,216,94,29,28,19,76,159,299,394,2 478
2011,452,358,280,119,71,38,40,29,51,165,268,363,2 233
2010,541,402,339,176,145,43,15,29,108,210,316,510,2 833
2009,552,402,321,159,74,40,18,16,59,199,247,431,2 517
2022,396,285,239,192,81,22,0,0,0,0,0,0,1 214
2021,406,299,303,242,159,33,22,36,48,170,326,337,2 380
2020,331,251,272,126,92,56,32,28,56,158,237,333,1 972
2019,402,297,260,201,146,54,16,30,65,128,293,322,2 212
2018,298,415,305,152,96,25,6,26,73,157,278,319,2 148
2017,455,288,224,227,98,30,23,32,82,126,289,365,2 239
2016,348,319,328,252,126,48,32,34,43,202,289,400,2 419
2015,391,366,300,166,120,52,29,32,97,181,191,258,2 181
2014,320,280,264,174,134,48,22,52,54,124,219,374,2 065
2013,409,388,360,247,175,68,13,38,69,122,308,380,2 576
2012,347,469,247,253,114,59,49,29,102,161,297,333,2 460
2011,392,298,265,136,92,56,51,35,53,145,204,307,2 034
2010,501,370,312,199,155,47,22,41,95,190,320,500,2 752
2009,492,371,310,184,106,59,35,27,64,164,222,414,2 448
2022,487,338,301,207,68,18,0,0,0,0,0,0,1 419
2021,459,308,311,232,154,21,24,33,49,207,352,460,2 610
2020,446,313,290,157,82,49,18,20,68,200,310,419,2 373
2019,483,366,288,208,154,42,13,24,59,128,320,374,2 458
2018,357,430,338,145,84,17,14,19,54,163,300,388,2 309
2017,552,307,242,211,116,20,17,24,114,185,358,471,2 615
2016,390,332,336,211,128,36,23,28,45,206,315,507,2 558
2015,448,413,297,186,95,26,11,24,92,212,312,420,2 535
2014,413,329,286,163,128,39,31,41,55,123,260,418,2 285
2013,498,451,364,211,170,59,14,30,79,130,348,465,2 819
2012,444,544,268,195,100,38,24,29,71,170,306,435,2 622
2011,470,380,293,146,79,46,48,35,58,183,310,407,2 457
2010,541,400,346,198,139,44,16,40,108,214,335,535,2 915
2009,517,410,331,162,75,37,29,21,58,205,288,437,2 569
2022,704,592,566,469,265,89,0,0,0,0,0,0,2 686
2021,758,515,600,500,416,171,180,206,232,386,525,677,5 165
2020,650,568,581,422,304,248,166,167,250,430,426,677,4 890
2019,828,557,585,471,412,166,142,154,237,325,567,618,5 060
2018,640,747,595,450,337,188,143,153,217,344,474,645,4 931
2017,741,541,516,460,326,163,164,156,333,352,587,734,5 073
2016,675,594,666,448,384,230,167,174,235,403,548,580,5 104
2015,692,628,567,447,323,197,118,169,304,399,477,554,4 875
2014,640,580,564,420,369,212,225,230,237,318,428,638,4 859
2013,740,747,634,466,434,257,157,180,257,332,597,611,5 412
2012,724,765,523,467,335,197,179,153,266,371,489,724,5 192
2011,698,573,551,379,291,240,244,168,222,390,412,680,4 847
2010,799,666,632,461,386,219,152,229,299,420,574,751,5 588
2009,739,674,643,442,286,228,176,152,239,398,510,724,5 210
2022,516,392,364,288,110,30,0,0,0,0,0,0,1 698
2021,542,365,386,321,233,53,49,67,87,258,421,498,3 277
2020,488,352,387,212,164,97,34,47,106,277,360,480,3 002
2019,558,407,357,295,263,72,31,46,107,201,391,433,3 160
2018,430,530,447,197,155,65,29,32,87,227,372,449,3 020
2017,642,385,311,288,168,48,36,47,158,220,417,534,3 252
2016,458,416,430,293,200,89,44,45,77,297,390,538,3 277
2015,504,502,381,257,155,52,24,45,164,296,335,424,3 140
2014,475,411,351,240,204,74,71,80,110,177,346,462,2 997
2013,550,544,475,286,248,115,34,53,115,205,423,512,3 559
2012,500,623,331,297,159,71,51,44,133,245,376,500,3 331
2011,518,426,372,202,127,87,96,49,83,255,370,450,3 035
2010,620,498,434,260,219,94,33,71,158,285,403,583,3 655
2009,619,502,431,233,125,84,46,34,106,271,333,520,3 304
2022,385,270,230,181,61,14,0,0,0,0,0,0,1 140
2021,397,303,277,232,147,21,12,22,36,153,311,324,2 234
2020,339,250,269,106,86,38,17,13,46,159,228,337,1 886
2019,405,269,234,177,127,36,10,12,45,137,283,327,2 062
2018,303,433,314,129,74,20,2,14,54,133,283,326,2 084
2017,468,278,209,187,88,21,14,21,75,109,283,369,2 121
2016,364,322,321,214,101,41,15,14,27,177,286,391,2 272
2015,392,366,276,155,105,36,16,16,82,180,197,248,2 068
2014,324,282,227,142,113,37,18,36,34,101,223,368,1 905
2013,429,402,377,216,162,58,9,20,55,112,304,350,2 493
2012,336,436,211,231,94,50,30,14,73,159,296,346,2 276
2011,392,305,245,100,68,44,37,24,37,131,227,313,1 924
2010,499,371,295,173,148,37,8,26,74,178,310,512,2 631
2009,487,366,293,141,96,53,18,12,47,153,225,412,2 303
2022,373,274,278,251,151,41,0,0,0,0,0,0,1 368
2021,397,320,327,332,199,77,34,41,54,154,272,308,2 515
2020,334,275,315,206,175,75,50,21,72,163,233,326,2 243
2019,387,292,278,244,187,74,45,41,68,145,287,324,2 372
2018,327,412,346,189,120,48,11,27,87,152,279,316,2 311
2017,443,299,254,256,131,48,33,43,85,113,264,347,2 315
2016,353,337,352,268,160,86,44,33,40,192,286,377,2 526
2015,376,366,318,249,169,95,44,39,110,190,183,222,2 359
2014,326,283,287,201,166,84,35,55,62,112,225,342,2 180
2013,411,403,415,293,236,113,38,39,82,123,291,326,2 770
2012,342,455,303,283,183,93,63,34,97,175,283,336,2 646
2011,390,299,320,181,149,95,70,52,55,137,234,298,2 280
2010,496,376,332,281,239,95,34,46,93,184,317,497,2 989
2009,480,376,340,226,171,93,39,34,75,156,216,409,2 615
2022,431,307,281,219,94,30,0,0,0,0,0,0,1 360
2021,431,320,319,278,176,36,27,42,59,180,360,359,2 587
2020,367,274,298,147,124,63,39,25,67,176,262,369,2 210
2019,444,308,276,221,166,55,31,34,79,151,306,352,2 422
2018,329,459,334,162,102,36,10,31,89,163,305,363,2 382
2017,518,311,251,247,117,38,28,39,102,145,327,405,2 527
2016,399,351,351,254,138,56,31,34,53,221,325,440,2 652
2015,430,399,320,203,140,61,31,31,111,213,224,284,2 447
2014,352,305,281,186,142,61,32,56,66,130,249,403,2 262
2013,460,433,406,248,194,77,21,48,82,137,330,397,2 832
2012,382,481,261,261,117,73,50,37,113,182,328,378,2 662
2011,421,343,285,153,112,62,62,42,59,167,258,352,2 316
2010,545,395,326,216,174,61,23,47,104,211,328,554,2 983
2009,529,395,341,176,125,82,39,30,78,194,246,447,2 683
2022,426,315,268,224,95,26,0,0,0,0,0,0,1 353
2021,436,331,321,283,192,38,30,44,56,186,348,361,2 625
2020,371,286,308,134,116,61,33,24,64,188,255,369,2 209
2019,448,304,279,223,168,53,21,26,69,162,315,358,2 427
2018,335,465,347,158,100,30,4,24,69,158,308,362,2 358
2017,503,310,238,229,107,33,24,35,98,137,314,406,2 433
2016,398,358,359,255,131,62,30,27,39,203,317,420,2 598
2015,431,399,311,183,139,55,27,25,108,212,226,276,2 391
2014,357,309,263,176,143,52,30,58,48,126,249,408,2 220
2013,464,432,411,254,197,79,16,33,76,138,338,381,2 818
2012,372,478,243,270,120,77,50,26,101,183,329,381,2 630
2011,426,338,279,130,99,66,58,41,54,159,256,350,2 257
2010,543,404,335,208,183,55,19,47,99,208,346,552,2 999
2009,517,401,332,175,126,71,34,20,69,187,257,453,2 642
2022,426,315,268,224,95,26,0,0,0,0,0,0,1 353
2021,436,331,321,283,192,38,30,44,56,186,348,361,2 625
2020,371,286,308,134,116,61,33,24,64,188,255,369,2 209
2019,448,304,279,223,168,53,21,26,69,162,315,358,2 427
2018,335,465,347,158,100,30,4,24,69,158,308,362,2 358
2017,503,310,238,229,107,33,24,35,98,137,314,406,2 433
2016,398,358,359,255,131,62,30,27,39,203,317,420,2 598
2015,431,399,311,183,139,55,27,25,108,212,226,276,2 391
2014,357,309,263,176,143,52,30,58,48,126,249,408,2 220
2013,464,432,411,254,197,79,16,33,76,138,338,381,2 818
2012,372,478,243,270,120,77,50,26,101,183,329,381,2 630
2011,426,338,279,130,99,66,58,41,54,159,256,350,2 257
2010,543,404,335,208,183,55,19,47,99,208,346,552,2 999
2009,517,401,332,175,126,71,34,20,69,187,257,453,2 642
2022,405,296,279,243,142,42,0,0,0,0,0,0,1 408
2021,434,344,325,315,194,64,34,55,61,178,309,345,2 657
2020,358,291,322,178,161,79,50,26,76,183,252,360,2 335
2019,430,300,278,235,176,66,51,40,84,162,307,348,2 476
2018,348,437,369,175,137,65,23,37,98,180,305,341,2 514
2017,483,322,254,255,129,48,36,47,100,130,304,381,2 487
2016,376,358,358,270,150,77,46,40,46,209,321,409,2 660
2015,403,386,329,228,169,90,49,42,128,213,213,244,2 496
2014,350,301,284,202,169,93,41,66,65,126,256,387,2 338
2013,458,430,439,290,224,102,42,42,99,149,332,357,2 962
2012,369,483,284,292,173,97,64,38,110,203,309,371,2 794
2011,416,324,305,157,139,92,74,58,67,162,279,330,2 400
2010,535,408,342,254,239,86,33,56,108,213,345,560,3 179
2009,522,390,343,198,162,93,44,39,84,184,239,449,2 746
2022,420,299,301,242,122,38,0,0,0,0,0,0,1 423
2021,446,347,327,319,193,55,32,53,65,189,332,356,2 712
2020,367,288,326,182,153,69,47,27,77,176,269,361,2 341
2019,438,319,273,237,179,63,45,40,84,162,314,362,2 515
2018,390,450,364,171,123,56,17,39,100,180,316,351,2 556
2017,498,320,252,258,127,40,34,41,100,142,318,490,2 622
2016,389,352,358,268,148,65,37,40,49,219,331,438,2 695
2015,419,401,332,219,154,78,41,40,131,221,224,258,2 515
2014,352,303,291,195,155,80,37,61,75,137,262,398,2 347
2013,473,442,446,274,210,91,32,43,96,150,329,375,2 960
2012,374,473,281,289,160,89,57,41,110,202,315,378,2 768
2011,428,350,338,158,128,78,69,54,68,177,286,330,2 464
2010,549,418,341,250,215,75,26,55,109,221,346,585,3 188
2009,544,398,354,205,154,93,39,39,78,195,243,457,2 800
2022,459,271,226,186,54,6,0,0,0,0,0,0,1 203
2021,429,218,264,200,130,21,18,25,23,143,302,329,2 103
2020,333,258,247,111,62,41,13,11,56,161,201,344,1 838
2019,441,275,257,189,132,38,7,15,38,92,265,292,2 041
2018,296,388,280,134,103,19,7,13,29,128,224,319,1 938
2017,464,257,221,180,80,19,9,17,78,112,317,410,2 163
2016,315,291,293,177,112,37,18,21,39,132,243,350,2 028
2015,401,371,251,144,83,18,8,18,71,154,233,284,2 035
2014,314,281,254,144,115,27,16,30,39,82,174,397,1 873
2013,428,375,262,203,162,62,7,19,44,84,312,379,2 336
2012,371,494,240,209,87,30,26,10,49,116,238,355,2 224
2011,406,306,242,109,69,47,28,20,29,119,184,320,1 878
2010,451,358,298,167,135,43,8,23,69,169,291,445,2 456
2009,408,338,279,186,62,31,15,11,44,134,207,385,2 100
2022,447,265,219,179,47,7,0,0,0,0,0,0,1 165
2021,406,218,253,198,124,18,17,24,23,142,297,344,2 062
2020,331,251,242,108,57,38,11,11,53,151,209,346,1 807
2019,419,275,234,164,112,35,4,12,34,89,262,283,1 922
2018,279,373,268,128,90,18,5,11,31,125,239,300,1 867
2017,445,252,212,169,79,16,8,16,70,111,318,385,2 081
2016,309,279,267,166,95,31,15,19,37,128,233,361,1 939
2015,392,350,237,139,70,16,6,16,65,151,215,299,1 957
2014,307,281,239,129,102,22,12,24,39,80,171,379,1 785
2013,405,363,258,188,150,52,4,16,42,82,287,390,2 235
2012,359,480,232,194,78,28,26,9,45,115,246,338,2 151
2011,409,294,230,110,60,40,25,16,30,115,178,304,1 812
2010,441,343,287,159,123,38,7,21,65,171,278,452,2 386
2009,413,332,267,185,60,27,14,11,43,127,207,368,2 052
2022,283,192,218,149,46,4,0,0,0,0,0,0,892
2021,268,183,215,163,67,13,2,4,9,62,136,244,1 367
2020,242,180,200,141,40,16,3,2,19,80,123,264,1 309
2019,295,240,185,138,91,24,2,2,9,31,171,169,1 356
2018,181,300,215,106,49,7,2,3,10,44,117,195,1 230
2017,290,191,171,138,69,10,3,5,39,60,172,291,1 439
2016,233,203,218,115,69,18,8,5,13,67,151,233,1 334
2015,251,257,189,142,55,9,1,7,22,77,150,196,1 357
2014,232,216,201,108,72,18,4,6,12,34,100,213,1 214
2013,303,289,217,148,82,33,3,5,21,39,171,238,1 551
2012,256,347,208,129,76,13,6,4,15,66,140,244,1 505
2011,296,246,221,120,59,18,6,9,19,71,108,212,1 384
2010,343,267,229,146,82,15,1,5,34,89,197,308,1 717
2009,308,253,213,120,59,17,5,4,13,72,134,271,1 470
2022,392,249,248,161,42,4,0,0,0,0,0,0,1 095
2021,379,234,248,183,91,11,4,8,20,120,267,386,1 950
2020,323,248,226,140,50,20,3,6,28,133,201,333,1 710
2019,379,282,210,166,85,26,3,4,23,72,248,288,1 785
2018,272,363,243,114,65,9,2,6,25,91,196,338,1 722
2017,428,205,184,150,87,13,5,6,62,83,247,373,1 842
2016,328,276,260,148,87,18,7,9,23,120,233,370,1 876
2015,351,333,217,143,52,12,1,7,40,144,207,243,1 748
2014,295,262,227,111,73,21,8,13,24,68,161,319,1 582
2013,386,368,264,180,122,31,5,7,28,60,280,326,2 055
2012,339,424,195,153,70,20,6,3,27,102,209,354,1 902
2011,381,277,239,103,55,24,14,15,30,90,185,326,1 739
2010,463,335,286,159,94,28,2,11,52,137,255,403,2 224
2009,436,297,232,123,41,13,4,2,28,106,201,352,1 835
2022,381,250,246,158,38,4,0,0,0,0,0,0,1 077
2021,386,246,250,187,94,11,4,7,19,121,256,361,1 941
2020,332,251,219,132,43,20,3,5,30,133,207,342,1 718
2019,381,276,211,163,84,25,2,3,23,74,255,287,1 782
2018,277,366,245,114,59,9,1,4,26,92,206,337,1 736
2017,424,214,183,139,84,12,4,6,63,85,255,379,1 848
2016,325,274,266,149,87,14,6,8,24,120,236,354,1 863
2015,345,341,217,135,48,10,1,7,40,146,197,248,1 735
2014,308,276,220,109,70,15,8,12,23,67,174,321,1 602
2013,386,374,269,180,121,30,4,6,27,61,283,332,2 071
2012,333,430,184,158,68,18,7,4,30,105,218,353,1 907
2011,370,274,231,97,52,22,13,11,23,95,187,324,1 697
2010,471,340,293,150,94,23,1,11,49,141,258,411,2 241
2009,429,296,230,119,40,15,8,3,29,115,215,358,1 855
2022,336,243,217,167,70,15,0,0,0,0,0,0,1 047
2021,345,264,258,202,138,34,21,19,23,94,257,280,1 933
2020,265,211,228,126,77,50,21,14,40,123,161,254,1 569
2019,330,239,224,186,122,56,9,14,32,76,216,257,1 761
2018,253,341,275,161,94,21,6,19,41,123,212,247,1 794
2017,375,257,220,182,86,29,14,26,65,78,206,273,1 810
2016,261,268,273,212,115,41,20,15,27,142,214,280,1 867
2015,288,311,259,150,113,51,21,27,62,126,129,159,1 695
2014,257,236,244,160,123,38,17,32,25,55,134,272,1 593
2013,321,323,310,227,169,68,10,16,41,63,224,268,2 039
2012,289,386,211,227,113,49,31,10,56,113,207,255,1 947
2011,354,245,243,117,94,57,37,26,30,85,116,224,1 629
2010,414,330,317,172,143,38,13,31,68,134,235,408,2 302
2009,378,315,265,200,115,39,31,22,42,108,169,325,2 009
2022,399,278,244,202,88,21,0,0,0,0,0,0,1 232
2021,407,286,297,241,169,42,36,48,46,160,323,328,2 382
2020,311,250,271,139,100,70,40,31,62,172,218,326,1 989
2019,392,267,265,217,158,68,23,34,62,113,284,306,2 189
2018,292,397,308,171,119,33,17,32,66,152,265,295,2 147
2017,439,280,237,230,108,43,27,42,93,111,286,353,2 249
2016,319,311,318,250,136,57,40,32,48,182,268,343,2 302
2015,367,364,288,183,125,57,34,40,106,187,173,254,2 177
2014,311,277,265,190,159,57,33,60,53,102,198,354,2 057
2013,380,369,335,256,189,82,17,48,67,105,289,354,2 492
2012,348,450,250,262,130,66,54,33,89,152,267,316,2 415
2011,397,280,275,137,103,69,53,38,53,133,172,287,1 997
2010,477,365,323,193,169,57,27,49,95,183,299,483,2 718
2009,443,353,307,218,118,62,45,39,64,144,207,379,2 380
2022,425,289,248,200,84,17,0,0,0,0,0,0,1 264
2021,420,279,308,245,168,36,38,45,48,172,340,360,2 459
2020,337,262,279,134,105,70,32,27,63,171,232,353,2 063
2019,419,284,263,211,154,58,17,34,63,123,293,317,2 236
2018,303,427,304,160,113,32,12,27,65,150,275,335,2 202
2017,461,289,241,229,117,39,23,35,94,129,306,391,2 352
2016,345,328,330,253,135,58,38,34,49,196,289,398,2 453
2015,400,383,300,182,123,46,28,29,109,192,206,270,2 268
2014,320,293,274,186,155,53,28,58,58,108,204,393,2 129
2013,410,392,348,248,198,79,16,44,70,114,315,388,2 621
2012,376,508,254,260,114,58,52,30,87,149,287,343,2 518
2011,422,311,280,142,95,68,52,39,55,145,193,309,2 111
2010,515,385,326,205,173,63,26,41,101,198,315,511,2 859
2009,500,367,318,202,114,62,38,33,72,169,229,401,2 504
2022,416,313,262,214,72,18,0,0,0,0,0,0,1 294
2021,462,271,311,240,189,37,40,48,50,173,338,348,2 504
2020,354,287,291,125,96,88,27,26,72,208,221,388,2 182
2019,474,272,279,218,180,67,17,26,67,132,329,324,2 383
2018,344,461,344,168,120,36,11,24,49,144,271,346,2 319
2017,467,305,250,217,116,39,32,37,115,146,326,437,2 486
2016,379,364,349,257,153,74,32,30,53,193,299,339,2 520
2015,437,404,297,181,132,39,23,34,106,203,237,275,2 367
2014,353,335,270,184,172,50,38,59,48,112,209,425,2 255
2013,467,432,348,254,234,89,12,36,75,135,356,368,2 804
2012,411,529,228,284,121,61,61,25,88,158,289,381,2 636
2011,448,335,284,127,87,83,62,35,51,152,201,351,2 216
2010,535,415,355,199,195,79,23,51,100,211,347,501,3 008
2009,469,372,328,224,105,60,41,26,63,166,266,435,2 555
2022,500,357,329,275,119,33,0,0,0,0,0,0,1 611
2021,499,363,382,323,217,41,47,64,95,230,414,432,3 106
2020,420,322,350,193,170,78,50,33,96,220,306,411,2 651
2019,518,349,326,273,208,52,39,45,112,163,361,403,2 848
2018,398,503,409,179,120,62,30,38,98,213,331,430,2 812
2017,628,341,293,295,146,50,29,39,138,203,393,487,3 040
2016,449,382,398,281,166,60,42,48,74,257,377,514,3 048
2015,483,454,369,250,150,70,31,36,137,262,297,329,2 866
2014,389,340,326,223,164,76,40,71,97,152,287,453,2 618
2013,512,508,450,270,213,97,36,55,111,164,393,425,3 234
2012,452,587,323,270,140,72,54,40,123,236,358,437,3 091
2011,481,407,335,195,142,73,87,54,83,222,347,411,2 836
2010,598,435,387,262,206,79,36,66,150,273,357,576,3 423
2009,588,462,408,211,117,91,43,42,113,256,283,476,3 088
2022,452,310,279,231,99,23,0,0,0,0,0,0,1 393
2021,436,306,327,277,179,39,33,42,63,192,369,374,2 636
2020,368,275,288,147,129,63,36,23,76,180,266,358,2 208
2019,464,310,287,225,189,51,29,38,80,133,304,347,2 457
2018,322,456,329,159,112,40,20,28,88,170,290,365,2 380
2017,530,300,250,263,117,36,26,37,101,151,339,401,2 550
2016,391,342,364,238,144,55,31,34,62,232,325,453,2 671
2015,438,404,327,210,134,52,27,27,104,212,234,293,2 461
2014,345,300,290,185,146,57,34,53,74,123,240,405,2 252
2013,0,0,0,94,197,74,19,48,82,130,345,397,1 384
2012,0,0,0,0,0,0,0,0,0,0,0,0,0
2011,0,0,0,0,0,0,0,0,0,0,0,0,0
2010,0,0,0,0,0,0,0,0,0,0,0,0,0
2009,0,0,0,0,0,0,0,0,0,0,0,0,0
2022,412,293,257,200,77,21,0,0,0,0,0,0,1 259
2021,417,312,300,259,162,29,19,29,45,163,336,343,2 413
2020,356,261,284,126,103,47,23,16,54,167,246,352,2 035
2019,429,296,266,203,150,45,15,20,56,143,296,345,2 264
2018,322,457,332,155,97,30,4,25,77,149,299,350,2 297
2017,499,301,236,232,103,31,21,32,95,136,311,394,2 390
2016,389,348,346,249,129,53,28,26,45,205,311,426,2 555
2015,423,393,308,191,132,51,26,24,107,208,218,269,2 350
2014,345,296,272,171,135,52,27,54,55,122,243,398,2 166
2013,454,428,401,244,185,69,15,41,74,129,324,382,2 744
2012,365,467,247,257,109,64,44,26,102,170,318,370,2 540
2011,418,332,277,137,95,57,56,39,55,159,253,340,2 216
2010,533,389,323,209,170,51,19,47,98,204,331,542,2 915
2009,513,394,326,164,118,70,30,22,67,184,239,440,2 566
2022,412,291,264,216,85,22,0,0,0,0,0,0,1 291
2021,421,325,306,277,169,34,20,32,48,168,335,344,2 478
2020,367,270,298,136,115,47,28,17,56,168,247,353,2 102
2019,433,289,261,207,155,44,24,19,60,150,296,348,2 286
2018,325,454,334,146,98,35,6,19,72,149,298,346,2 280
2017,500,299,228,227,103,30,20,29,82,122,303,390,2 332
2016,385,342,352,245,126,52,24,23,35,198,310,419,2 510
2015,414,388,307,188,125,55,25,23,102,202,213,256,2 299
2014,341,293,256,169,135,61,30,43,53,111,237,396,2 125
2013,455,436,413,242,186,76,18,33,71,124,328,364,2 745
2012,362,469,247,255,118,63,39,21,92,174,313,363,2 515
2011,414,325,277,129,95,57,56,34,45,146,248,332,2 156
2010,532,391,322,208,177,55,14,40,90,200,329,551,2 909
2009,514,387,322,159,120,70,22,17,63,174,233,439,2 518